port1,port2,sim_score
Rize,Fatsa,1.0
Berdyansk,Kerch,1.0
Ordu,Giresun,0.9999999999999999
Trabzon,Gorele,0.9999999999999977
Bar,Zelenika,0.9999999999999959
HAMINA,KARLSBORG,0.9999927474136808
Basarabi,Mangalia,0.9997288422220235
HALMSTAD,VARBERG,0.9996734135578903
Abu Qir,Alexandria,0.9996048078552122
Agio Theodoroi,Idhra (Hydra),0.9995825577885638
MUSSALO,LOVIISA,0.9994385885219277
HELSINGBORG,HELSINGÖR,0.9991395835333886
LANDSKRONA,HELSINGBORG,0.9990765996039938
HELSINGBORG,MALMÖ,0.999052832369106
Aamshite,Ain El Mraisse _El Jisr,0.9990179114227145
HELSINGÖR,HÖGANÄS,0.9987868898620045
HELSINGBORG,HÖGANÄS,0.9987447146271138
Aliaga,Izmir,0.9987294785275613
SIMRISHAMN,VENTSPILS,0.9986522553534599
Beykoz,Buyukcekmece,0.9983032552370146
MALMÖ,HELSINGÖR,0.9982949856121762
HELSINKI/HELSINGFORS,SAINT PETERSBURG,0.998150680987188
Reni,Braila,0.9979971555131426
Constanta,Medgidia,0.9979517186465617
Ayancik,Sinop,0.9978991559657366
KARLSHAMN,ÅHUS,0.9978626888656893
MALMÖ,KÖGE,0.9977827799088524
LANDSKRONA,HELSINGÖR,0.9977200422637331
Foca,Dikili,0.9976611234173987
LANDSKRONA,MALMÖ,0.9976320368753626
KÖGE,KÖPENHAMN,0.9975079814939529
MALMÖ,HÖGANÄS,0.9974960394327754
Dhekelia,Limassol,0.9974349009004679
Basarabi,Medgidia,0.9974134725768291
Dhekelia,Paphos,0.9973271318682209
Derince,Tuzla,0.9972764633529729
Vassiliko,Paphos,0.9972152381843513
El Dekheila,Sidi Kerir,0.9971606735207974
RONEHAMN,SAINT PETERSBURG,0.9971214739134305
LANDSKRONA,KÖGE,0.9969184846847725
Nikolayev,Oktyabrsk,0.9968615101833243
HELSINGBORG,KÖGE,0.9968086273512747
GRENÅ,FREDRIKSHAMN,0.9967211918639319
VENTSPILS,SAINT PETERSBURG,0.9965646949902993
HELSINGÖR,KÖGE,0.9965576025605176
Foca,Ayvalik,0.9964470774822337
LANDSKRONA,HÖGANÄS,0.9964338843528787
Abu Qir,Sidi Kerir,0.996263931783264
Ilyichevsk,Sevastopol,0.9962483761203937
Aliaga,Dikili,0.996204989580476
Izmir,Dikili,0.9961682996620647
HELSINGÖR,KÖPENHAMN,0.9961512410213825
Mangalia,Medgidia,0.9961211992402037
Dhekelia,Akrotiri,0.9959474909869183
LANDSKRONA,KÖPENHAMN,0.9959038246002271
Alexandria,El Dekheila,0.9957977562555911
Alexandria,Sidi Kerir,0.9956618429163389
Abu Qir,El Dekheila,0.9956302400925825
INKOO,KANTVIK,0.9956140941376019
Sarkoy,Karabiga,0.9956117223427017
Diliskelesi,Tuzla,0.9955913466213868
KIEL,DEGERHAMN,0.9955656303507863
OXELÖSUND,NORRKÖPING,0.9955640864474439
Basarabi,Constanta,0.9955242185548372
Aliaga,Foca,0.9954078131769927
Foca,Izmir,0.9953672162977714
RONEHAMN,VENTSPILS,0.9953094427559106
KIEL,RONEHAMN,0.9951786419392167
RONEHAMN,DEGERHAMN,0.9950781864853897
Eregli,Amasra,0.9950497509474168
Diliskelesi,Mudanya,0.9950225984093526
SIMRISHAMN,SAINT PETERSBURG,0.9950195250856576
Eregli,Bartin,0.9949420445881793
HELSINGBORG,KÖPENHAMN,0.9946939729559047
Constanta,Mangalia,0.9945828946138205
Limassol,Paphos,0.9943791836708086
Dikili,Ayvalik,0.9943785136719262
MALMÖ,KÖPENHAMN,0.9942474633986885
Akrotiri,Paphos,0.994135949009975
UUSIKAUPUNKI/NYSTAD,KOKKOLA,0.9940852054388167
Maltepe,Bandirmar,0.9940533807738623
Dhekelia,Vassiliko,0.9940478907831639
Inebolu,Cide,0.9939793085190554
RAUMA,UUSIKAUPUNKI/NYSTAD,0.9939060332732641
HELSINKI/HELSINGFORS,VENTSPILS,0.9938929979616834
Akrotiri,Limassol,0.9938370938759672
Mudanya,Tuzla,0.9936642953566945
Zonguldak,Bartin,0.993643830415451
Mudanya,Bandirmar,0.9936072806615264
Batroun,El Aabde,0.9933945461996484
STOCKHOLM,BÅLSTA,0.9933399334788852
SIMRISHAMN,RONEHAMN,0.993171699997403
Buyukcekmece,Sariyer,0.993143912366405
HELSINKI/HELSINGFORS,RONEHAMN,0.9930106060330087
VISBY,DEGERHAMN,0.9930049670521497
HARAHOLMEN,KASKINEN,0.992980048544246
MUUGA,PALDISKI,0.9929622131794933
Beykoz,Sariyer,0.9929620699859327
VÄSTERÅS,STOCKHOLM,0.9929616576229893
SIMRISHAMN,HELSINKI/HELSINGFORS,0.9929453574017606
KÖGE,HÖGANÄS,0.9929267449916056
KALMAR,BERGKVARA,0.9928940263532038
Odessa,Belgorod-Dnestrovskiy,0.9928854925296802
VISBY,HUDIKSVALL,0.992576640143674
DEGERHAMN,SAINT PETERSBURG,0.992524853415393
BÅLSTA,KÖPING,0.9921931723073559
Derince,Mudanya,0.9921639507058897
Parainen,NAANTALI/NÅDENDAL,0.9920672886588986
MALMÖ,TRELLEBORG,0.991914848302743
KÖPENHAMN,HÖGANÄS,0.9917841016891809
Mudanya,Maltepe,0.991778476626094
HELSINGÖR,TRELLEBORG,0.9917743627931893
Kalecik,Famagusta,0.9917570108979669
Reni,Izmail,0.9916844067570327
LANDSKRONA,ÅMÅL,0.9914480974187314
Skiathos,Skopelos,0.9914399465354786
VAASA,UUSIKAUPUNKI/NYSTAD,0.9914372175402693
PRIMORSK,UST-LUGA,0.9913748858054107
DEGERHAMN,VENTSPILS,0.9913004697351345
Diliskelesi,Maltepe,0.991178459578443
Sevastopol,Belgorod-Dnestrovskiy,0.9910213539455013
HELSINGBORG,TRELLEBORG,0.9905535622649269
Amasra,Bartin,0.9904051619968925
LANDSKRONA,TRELLEBORG,0.990377113710947
KÖPENHAMN,ÅMÅL,0.9903625544118873
Ceyhan,Yumurtalik Bay,0.9903568803888323
Limassol,Vassiliko,0.9903028516344896
Diliskelesi,Derince,0.9902225163531131
Diliskelesi,Bandirmar,0.9901895849424731
KIEL,SAINT PETERSBURG,0.9900548529589452
KÖGE,TRELLEBORG,0.9899606603635934
Akrotiri,Vassiliko,0.9899455899250442
KIEL,VISBY,0.9898734293953475
Ilyichevsk,Belgorod-Dnestrovskiy,0.9898072172164472
Skiathos,Limni,0.9897102940634087
VÄSTERÅS,KÖPING,0.9895612526161802
RONEHAMN,UST-LUGA,0.9893806689040631
Eckerö,KOKKOLA,0.9893709781371953
Marmaris,Gocek,0.9893506791880675
Odessa,Yuzhnyy,0.9893404993009025
Samsun,Fatsa,0.9893061902526197
Samsun,Rize,0.9893061902526197
Amasra,Zonguldak,0.9890649396841077
Inebolu,Sinop,0.9889802302769246
Fethiye,Gocek,0.9888405409783987
SÖLVESBORG,KARLSHAMN,0.9888148923254247
RAUMA,HARAHOLMEN,0.988770650465559
UUSIKAUPUNKI/NYSTAD,PORI/MÄNTYLUOTO,0.9887542931874532
DEGERHAMN,HUDIKSVALL,0.9885943416278372
HELSINKI/HELSINGFORS,DEGERHAMN,0.9885735161963192
HÖGANÄS,TRELLEBORG,0.9885120402659799
RAUMA,KASKINEN,0.9884729949760843
STOCKHOLM,KÖPING,0.9883839400383039
KÖPENHAMN,TRELLEBORG,0.9883602565691503
HALMSTAD,TRELLEBORG,0.988325736127344
MARIEHAMN,HOLMSUND,0.9882054539056052
GRISSLEHAMN,SKELLEFTEHAMN,0.9881465519293362
Eregli,Zonguldak,0.988087965639307
Aliaga,Ayvalik,0.9880200296028179
Finike,Akdeniz,0.9879885262015771
HÖGANÄS,VARBERG,0.9879520500265482
KÖGE,ÅMÅL,0.987921852411405
KIEL,UST-LUGA,0.9879205652858143
FREDRIKSHAMN,STRÖMSTAD,0.987903009336873
KIEL,VENTSPILS,0.9878597904154519
SIMRISHAMN,DEGERHAMN,0.9877900365573656
SAINT PETERSBURG,UST-LUGA,0.987691594148211
LÄNSI,OSLO,0.9876711621479486
Skopelos,Achladi,0.9873512807614564
HELSINGBORG,ÅMÅL,0.9872745957770684
VAASA,PORI/MÄNTYLUOTO,0.9872695169449575
HOLMSUND,KOKKOLA,0.9871487192936915
Hadera,En Naqoura,0.9868906755817497
Yali Island,Kalimnos Island,0.9868589248102132
HÖGANÄS,HALMSTAD,0.9867960502788402
El Aabde,Cheikh Zennad,0.9867472665440362
GRISSLEHAMN,KALAJOKI,0.9867147617865853
Skiathos,Achladi,0.9867098125888668
Finike,Kas,0.9866176353673054
TRELLEBORG,VARBERG,0.9865709792933945
Sulina (Port Et Zone Franche),Izmail,0.9864158056225419
SÖLVESBORG,ÅHUS,0.9863724420331196
RAUMA,VAASA,0.9862428210887444
NYNÄSHAMN,SÖDERTÄLJE,0.9861236882901581
LÖDÖSE,STENUNGSUND,0.9861208541171727
HÖGANÄS,FALKENBERG,0.9858952004774295
Eckerö,UUSIKAUPUNKI/NYSTAD,0.9858549236897751
KIEL,HUDIKSVALL,0.9858035567286768
VÄSTERÅS,BÅLSTA,0.9857261120896512
KIEL,HELSINKI/HELSINGFORS,0.9856842040519187
HELSINGBORG,VARBERG,0.9856427539495366
Ayancik,Inebolu,0.9856418812667126
VAASA,HOLMSUND,0.9856392976850137
Izmir,Ayvalik,0.9856369749221763
LANDSKRONA,HALMSTAD,0.985582356440625
HELSINGÖR,VARBERG,0.9855693014423593
FALKENBERG,VARBERG,0.9855462899593
LANDSKRONA,VARBERG,0.9855168597933432
VISBY,RONEHAMN,0.9854645807602475
Bodrum,Kos,0.9854184541568125
Mersin,Anamur,0.985375699213163
HELSINKI/HELSINGFORS,UST-LUGA,0.9853700503087612
HELSINGBORG,HALMSTAD,0.9853113422378847
VAASA,KOKKOLA,0.9851907101420889
HELSINGÖR,HALMSTAD,0.9850398607665419
Braila,Izmail,0.9848839760515616
KEMI,SÖDERHAMN,0.9847875738956168
HELSINGÖR,ÅMÅL,0.9846508182303271
VISBY,UUSIKAUPUNKI/NYSTAD,0.984641003113119
DEGERHAMN,UST-LUGA,0.9845931337370273
MÖNSTERÅS,BERGKVARA,0.9844572116913978
LOVIISA,KARLSBORG,0.9843006739572118
Batroun,Cheikh Zennad,0.984056040304319
SIMRISHAMN,KIEL,0.9840347803836278
MALMÖ,ÅMÅL,0.9839352106303499
LOVIISA,HAMINA,0.9838674690651941
RONEHAMN,HUDIKSVALL,0.9838101861994795
SÖLVESBORG,KARLSKRONA,0.9838088471894687
Idhra (Hydra),Eleusis,0.9836976800593888
VARBERG,BROFJORDEN,0.9836551442461767
Ambarli,Sariyer,0.9836028556011831
SIMRISHAMN,UST-LUGA,0.9835750865486396
MARIEHAMN,SKELLEFTEHAMN,0.9835474952426319
PORI/MÄNTYLUOTO,KOKKOLA,0.9835092759763917
Tel Aviv,Ashkelon,0.9834275515311826
SKOGHALL,GRUVÖN,0.9833364971441322
Eckerö,HOLMSUND,0.9833288990166653
HELSINGBORG,FALKENBERG,0.9830618964137526
RAUMA,KOKKOLA,0.983055010913325
HALMSTAD,FALKENBERG,0.9829719118871094
UUSIKAUPUNKI/NYSTAD,HUDIKSVALL,0.9829524344339159
HUDIKSVALL,KOKKOLA,0.9827128262388221
TROLLHÄTTAN,LÖDÖSE,0.9824718020266081
Yuzhnyy,Belgorod-Dnestrovskiy,0.9823216869720938
Ilyichevsk,Odessa,0.9822528184641135
Beykoz,Maltepe,0.9820320053799839
VENTSPILS,UST-LUGA,0.982021394189899
LANDSKRONA,FALKENBERG,0.9820085623799397
Tuzla,Bandirmar,0.9819955069722706
HELSINGÖR,FALKENBERG,0.9818906863878397
Yali Island,Gocek,0.9818039986893266
HÖGANÄS,ÅMÅL,0.981796627727865
KALAJOKI,SKELLEFTEHAMN,0.9816551889712187
MUSSALO,KARLSBORG,0.9815818979998752
MALMÖ,HALMSTAD,0.9815289218435589
HARGSHAMN,ÖREGRUND,0.9815271465999236
RAUMA,MARIEHAMN,0.9815228130178114
MALMÖ,VARBERG,0.9814554807019646
SILLAMÄE,UST-LUGA,0.9813644567116094
UUSIKAUPUNKI/NYSTAD,HOLMSUND,0.9812755508937483
Agio Theodoroi,Eleusis,0.9812684030423507
SUNDSVALL,SÖRÅKER,0.9812207831417812
YSTAD,UST-LUGA,0.9811816590132341
HOLMSUND,PORI/MÄNTYLUOTO,0.9811789816513043
MUSSALO,HAMINA,0.9811094713885289
VAASA,OULU,0.9810023760869737
LYSEKIL,STENUNGSUND,0.9809800651225102
HALMSTAD,BROFJORDEN,0.9808808996684437
Sinop,Cide,0.9804545389616126
MARIEHAMN,HARAHOLMEN,0.980444224684098
Tasucu,Latchi,0.9801666638281986
Eckerö,RAUMA,0.9798821820679681
VÄSTERVIK,VENTSPILS,0.9798403936691862
GRENÅ,STRÖMSTAD,0.979584995951952
HUDIKSVALL,PORI/MÄNTYLUOTO,0.9793650749908385
Skopelos,Limni,0.979200386791012
Eckerö,OULU,0.9789468500433178
Eckerö,VAASA,0.9788599648165601
Yali Island,Marmaris,0.9788174530097791
Tuzla,Maltepe,0.9785317387483177
VISBY,SAINT PETERSBURG,0.9785118222821982
ÖRNSKÖLDSVIK,RUNDVIK,0.9784577144436024
MARIESTAD,OTTERBÄCKEN,0.9784251732120302
Ayancik,Cide,0.9781607616789172
RAUMA,HOLMSUND,0.9780199163821517
YSTAD,TRELLEBORG,0.9779072318195176
FREDRIKSHAMN,BROFJORDEN,0.9778707747598961
RAUMA,PORI/MÄNTYLUOTO,0.9776338695479609
MALMÖ,FALKENBERG,0.9775071252438744
HELSINKI/HELSINGFORS,SKÖLDVIK,0.9774515993618885
RAUMA,OULU,0.977450591650404
VAASA,GRISSLEHAMN,0.9774033286551447
SKÖLDVIK,SAINT PETERSBURG,0.9773867752297654
Derince,Bandirmar,0.9773540166556883
Ambarli,Maltepe,0.9773366583601634
GRISSLEHAMN,PORI/MÄNTYLUOTO,0.9772428381237558
SKOGHALL,KRISTINEHAMN,0.977144404062852
LIDKÖPING,SKOGHALL,0.9771294118789782
Erdek,Bandirmar,0.9770453845609204
Kalimnos Island,Fethiye,0.9770360747939049
KIEL,SKÖLDVIK,0.976995295180319
PIETARSAARI,OULU,0.9769863044917991
GRISSLEHAMN,LULEÅ,0.9767727884614175
UUSIKAUPUNKI/NYSTAD,KASKINEN,0.9766447123584636
MARIEHAMN,UUSIKAUPUNKI/NYSTAD,0.9765357397443001
Eckerö,KASKINEN,0.9765253304911438
VISBY,PORI/MÄNTYLUOTO,0.9765035196758961
Saida,Ej Jiye,0.9764780984023693
PORI/MÄNTYLUOTO,SKELLEFTEHAMN,0.9764431670086358
Yali Island,Patmos,0.9764194023689698
Reni,Sulina (Port Et Zone Franche),0.976415710459682
VISBY,KOKKOLA,0.9764132445756435
RONEHAMN,SILLAMÄE,0.9763898780315713
Yali Island,Fethiye,0.976123953940221
SAINT PETERSBURG,SILLAMÄE,0.9761166210868761
SKÖLDVIK,UST-LUGA,0.9758742444581809
HOLMSUND,SKELLEFTEHAMN,0.9758492180898586
HÖNSÄTER,LIDKÖPING,0.9758415801611472
Maltepe,Buyukcekmece,0.9757754498024518
KÖPENHAMN,VARBERG,0.9757535874550975
KÖPENHAMN,HALMSTAD,0.9756074966507439
VÄSTERÅS,SÖDERTÄLJE,0.9755879468238476
HELSINKI/HELSINGFORS,PRIMORSK,0.9755463013740755
VÄSTERVIK,ÅHUS,0.9755096287649452
VAASA,MARIEHAMN,0.9754715246724569
Odessa,Sevastopol,0.9754365688744544
FALKENBERG,BROFJORDEN,0.9753873602952672
Ambarli,Beykoz,0.9753217474353073
Derince,Maltepe,0.9751808539456888
VISBY,VAASA,0.9749145323918249
KÖGE,HALMSTAD,0.9745489523155384
MARIEHAMN,KOKKOLA,0.9742958920523888
TROLLHÄTTAN,STENUNGSUND,0.9742489580955865
Beykoz,Bandirmar,0.9742246343354326
Sariyer,Novorossiysk,0.9740737947885862
Limni,Achladi,0.9740305894974013
Ilyichevsk,Yuzhnyy,0.9739826510308979
VISBY,VENTSPILS,0.9739103255999315
KÖGE,VARBERG,0.9738875077795383
DEGERHAMN,UUSIKAUPUNKI/NYSTAD,0.9737117372632281
PRIMORSK,SAINT PETERSBURG,0.9736386289031042
UUSIKAUPUNKI/NYSTAD,OULU,0.9735944221766331
SIMRISHAMN,VÄSTERVIK,0.9735315088945174
MUUGA,TALLIN,0.9734699533520185
OULU,KASKINEN,0.9733122546651364
VÄSTERVIK,SAINT PETERSBURG,0.973243957332183
TALLIN,PALDISKI,0.9732359066169972
KALMAR,MÖNSTERÅS,0.973040938223666
DEGERHAMN,SKÖLDVIK,0.9729945571951294
HARAHOLMEN,UUSIKAUPUNKI/NYSTAD,0.9729313044425909
HARAHOLMEN,OULU,0.9726369136903524
VISBY,UST-LUGA,0.9725555514955174
Canakkale,Karabiga,0.972520704038029
LIDKÖPING,KRISTINEHAMN,0.9725145143004358
Eckerö,MARIEHAMN,0.9724827502097336
MARIEHAMN,PORI/MÄNTYLUOTO,0.972439143819842
TAALINTEHDAS,NAANTALI/NÅDENDAL,0.9724265857664387
Ambarli,Bandirmar,0.9723308376380113
GRISSLEHAMN,MARIEHAMN,0.9721022992338906
FALKENBERG,ÅMÅL,0.9719646097884455
SIMRISHAMN,SKÖLDVIK,0.9719574193045215
SKÖLDVIK,VENTSPILS,0.9719540894898692
KÖPENHAMN,FALKENBERG,0.9719340994195518
RONEHAMN,SKÖLDVIK,0.9719217553293483
VAASA,HUDIKSVALL,0.9719151253033709
Marmaris,Kas,0.9717939224941522
KARLSHAMN,VÄSTERVIK,0.9717600201600907
Maltepe,Sariyer,0.9717396654083688
SKUTSKÄR,SKELLEFTEHAMN,0.9717106867754379
MARIEHAMN,KALAJOKI,0.971684030308705
YSTAD,PRIMORSK,0.9716721764890192
GRISSLEHAMN,HOLMSUND,0.9716320040368578
SAINT PETERSBURG,HUDIKSVALL,0.9716163284089536
Ambarli,Diliskelesi,0.9714817360469746
HELSINKI/HELSINGFORS,VISBY,0.9714225244921314
PRIMORSK,RONEHAMN,0.9713341553293916
VENTSPILS,HUDIKSVALL,0.9712361899378574
KIEL,PRIMORSK,0.9711618733287535
Eckerö,HARAHOLMEN,0.9711506711293855
KALAJOKI,PORI/MÄNTYLUOTO,0.9711233307680611
PRIMORSK,DEGERHAMN,0.971075381536539
Ambarli,Novorossiysk,0.9710666624622811
SILLAMÄE,LOKSA,0.9710422616061837
TRELLEBORG,FALKENBERG,0.970876207729239
Eckerö,HUDIKSVALL,0.9707091721993442
VAASA,TORNIO,0.9706566154788858
SIMRISHAMN,SILLAMÄE,0.9706064324369745
HOLMSUND,KALAJOKI,0.9705507067469521
Parainen,TAALINTEHDAS,0.970327386634311
OULU,KOKKOLA,0.9702228379791554
Rhodes,Marmaris,0.9701115687156555
KIEL,UUSIKAUPUNKI/NYSTAD,0.9700896107299176
YSTAD,RONEHAMN,0.9700828117097614
MARIEHAMN,KASKINEN,0.9700549151402528
Kalimnos Island,Gocek,0.9699463909755166
RONEHAMN,VÄSTERVIK,0.9698294667361336
Mudanya,Erdek,0.9696648488449725
GRISSLEHAMN,UUSIKAUPUNKI/NYSTAD,0.9696042491305366
OULU,HOLMSUND,0.9694740243905617
Yali Island,Kas,0.9693868561129894
HARAHOLMEN,HOLMSUND,0.9692933776285825
HUDIKSVALL,UST-LUGA,0.9691762166539273
VAASA,KALAJOKI,0.9690196687481616
Braila,Sulina (Port Et Zone Franche),0.9689827430957507
KASKINEN,KOKKOLA,0.9689706387741205
VENTSPILS,SILLAMÄE,0.9689299779929815
ÖRNSKÖLDSVIK,HUSUM,0.9689088606990359
Gocek,Kas,0.9688481085112901
PRIMORSK,LOKSA,0.9688443113682167
HANKO/HANGÖ,KOVERHAR,0.9687103451146858
KÖGE,FALKENBERG,0.9686743817999381
Naxos,Syros (Syra),0.9686404208650563
Poti,Batumi,0.9684317005165622
Lappeenranta,VYBORG,0.9683607930938379
BROFJORDEN,STRÖMSTAD,0.9682560709104424
KEMI,TORNIO,0.9681394705726556
PRIMORSK,SILLAMÄE,0.9679999131003837
SIMRISHAMN,YSTAD,0.9679921127345584
TRELLEBORG,ÅMÅL,0.9679768894493653
Yali Island,Rhodes,0.9678959998682695
KIEL,YSTAD,0.9678858898049396
DEGERHAMN,KOKKOLA,0.9678476020901101
SIMRISHAMN,VISBY,0.9677868365285245
HELSINKI/HELSINGFORS,VÄSTERVIK,0.9675930969618103
Amorgos,Thira,0.9675443830674701
SIMRISHAMN,HUDIKSVALL,0.9675204205734068
Rhodes,Thira,0.967511453169158
Kas,Akdeniz,0.9674649759708123
Tuzla,Erdek,0.9672850098293473
PIETARSAARI,HARAHOLMEN,0.9672740464149454
Eckerö,GRISSLEHAMN,0.9672553080880327
DEGERHAMN,SILLAMÄE,0.9671707927285167
TORNIO,SÖDERHAMN,0.9671323793678929
STORUGNS,STRÅ,0.9671232186913475
Eckerö,SKELLEFTEHAMN,0.9669178569503799
UUSIKAUPUNKI/NYSTAD,SKELLEFTEHAMN,0.966833070615252
HARAHOLMEN,KOKKOLA,0.9667837003276847
VAASA,SKELLEFTEHAMN,0.9666453028375251
Eckerö,PORI/MÄNTYLUOTO,0.9665802740736338
Ambarli,Buyukcekmece,0.9665715774092992
RAUMA,GRISSLEHAMN,0.9665546694069231
KIEL,KOKKOLA,0.9663853339668357
HELSINKI/HELSINGFORS,SILLAMÄE,0.9663563453515633
Yuzhnyy,Sevastopol,0.9662570871848652
Amorgos,Rhodes,0.9655387992289926
KIEL,SILLAMÄE,0.9653897126018222
Mytilene,Ayvalik,0.9652877359887438
Eckerö,SÖDERHAMN,0.9651049103943938
Buyukcekmece,Bandirmar,0.9650609060403836
LYSEKIL,UDDEVALLA,0.9647113968865069
LOKSA,UST-LUGA,0.9646849842225699
Canakkale,Sarkoy,0.964549766402412
RAUMA,SKELLEFTEHAMN,0.964485061955274
Patmos,Kalimnos Island,0.9644257080410333
FREDRIKSHAMN,VARBERG,0.9643649793156005
HANKO/HANGÖ,SILLAMÄE,0.9641991693168349
Eckerö,VISBY,0.964101166886221
Nea Karvali,Keramoti,0.9640740982504674
HANKO/HANGÖ,SKÖLDVIK,0.9640667101391461
VISBY,RAUMA,0.9637683080452074
PRIMORSK,SKÖLDVIK,0.9637541901471602
Tel Aviv,Ashdod,0.9636959159890446
VAASA,HARAHOLMEN,0.9634871739629434
YSTAD,VENTSPILS,0.9634267663823752
GRENÅ,BROFJORDEN,0.9633739602120421
GRISSLEHAMN,KOKKOLA,0.963303847401666
PALDISKI,LOKSA,0.9632752481446318
VARBERG,ÅMÅL,0.9632600513564558
PRIMORSK,TRELLEBORG,0.9632492326852431
YSTAD,HELSINKI/HELSINGFORS,0.9632214411565544
Derince,Erdek,0.9631785299845568
Kos,Kas,0.9631019787198397
VAASA,KASKINEN,0.9630907072215892
Gelibolu,Karabiga,0.9630678276488492
Sinop,Fatsa,0.9629959480166184
Sinop,Rize,0.9629959480166184
YSTAD,DEGERHAMN,0.9628900576732329
DEGERHAMN,VÄSTERVIK,0.9628619848857258
SIMRISHAMN,PRIMORSK,0.9627035796247306
TORNIO,OULU,0.9625194547173539
HALMSTAD,ÅMÅL,0.962410555797935
Diliskelesi,Erdek,0.96231019250988
KOKKOLA,SKELLEFTEHAMN,0.9621365686034146
FREDRIKSHAMN,HALMSTAD,0.9620046455845634
Marmaris,Fethiye,0.9619751273765964
YSTAD,SAINT PETERSBURG,0.9616269008825479
KIEL,PORI/MÄNTYLUOTO,0.9616095398366159
Rhodes,Gocek,0.9615584565756128
HELSINKI/HELSINGFORS,HUDIKSVALL,0.9614898182171785
Amorgos,Patmos,0.9613582158755207
PRIMORSK,VENTSPILS,0.9612946242103961
Foca,Mytilene,0.9611283011426475
HÖGANÄS,BROFJORDEN,0.960989858277683
Yuzhnyy,Kherson,0.9608108893702121
YSTAD,KÖPENHAMN,0.9608069003393799
Sulina (Port Et Zone Franche),Ust Dunaysk,0.9605852476234427
VARBERG,STRÖMSTAD,0.9603588632044473
RONEHAMN,UUSIKAUPUNKI/NYSTAD,0.9603390699686529
Ashdod,Ashkelon,0.960275029715794
GRISSLEHAMN,SKUTSKÄR,0.9601571340675465
VISBY,PRIMORSK,0.9600105069963139
HÖNSÄTER,KRISTINEHAMN,0.9598239032131655
LULEÅ,SKELLEFTEHAMN,0.9597536443157682
TRELLEBORG,BROFJORDEN,0.959674045416672
HUDIKSVALL,SILLAMÄE,0.9595192966587266
Ayancik,Fatsa,0.9594795563934644
Ayancik,Rize,0.9594795563934644
SKÖLDVIK,SILLAMÄE,0.9593388748589836
Batumi,Hopa,0.9592860237070595
PIETARSAARI,KASKINEN,0.9592380994352028
RAUMA,HUDIKSVALL,0.9592112253296443
Sariyer,Bandirmar,0.9590410239964535
YSTAD,KÖGE,0.9588719909456679
HOLMSUND,KASKINEN,0.958473593663691
Kos,Kalimnos Island,0.9582859333718508
HANKO/HANGÖ,SAINT PETERSBURG,0.9581755632824969
Kalimnos Island,Marmaris,0.9579874634308585
Eckerö,LULEÅ,0.9579868960051934
DEGERHAMN,PORI/MÄNTYLUOTO,0.9579558851256753
Fethiye,Kas,0.9578116302668013
Kalimnos Island,Kas,0.9577195826421457
TORNIO,HOLMSUND,0.9573872367457734
KARLSHAMN,KARLSKRONA,0.9571570974561812
KOVERHAR,TAALINTEHDAS,0.9570930412104613
Odessa,Kherson,0.9570795167676867
Eckerö,PIETARSAARI,0.9568935549172835
KIEL,VÄSTERVIK,0.9568682771753354
HELSINGÖR,BROFJORDEN,0.9566996558981573
Ambarli,Mudanya,0.9566939536581481
Kalimnos Island,Gulluk,0.9566569331584255
HANKO/HANGÖ,LOKSA,0.9564419954469112
HALMSTAD,STRÖMSTAD,0.956324077280505
HOLMSUND,HUDIKSVALL,0.956297474336646
Thira,Marmaris,0.9559691810090093
LULEÅ,SÖDERHAMN,0.955818101255971
SAINT PETERSBURG,LOKSA,0.9558013183641305
Gelibolu,Sarkoy,0.9557562027490165
SLITE,STRÅ,0.9557507933707236
Haifa,Hadera,0.9556054340803631
HANKO/HANGÖ,RAUMA,0.9555003849807597
YSTAD,HUDIKSVALL,0.9554934823230556
SÖLVESBORG,VÄSTERVIK,0.9554756595754266
VAASA,SÖDERHAMN,0.9553647500366905
TRELLEBORG,UST-LUGA,0.9550574138846856
TALLIN,LOKSA,0.9549089043468116
Beykoz,Mudanya,0.9548166416304544
MARIEHAMN,OULU,0.9541954782104891
RONEHAMN,KOKKOLA,0.9541623812236105
Sarkoy,Tekirdag,0.9540896729338243
HUDIKSVALL,SÖDERHAMN,0.9540528215088407
VISBY,SÖDERHAMN,0.9539829815657209
Beykoz,Novorossiysk,0.9537636538949688
MUUGA,LOKSA,0.9535449097731417
VISBY,SILLAMÄE,0.9535044403700619
Eckerö,TORNIO,0.9534384015640366
LIDKÖPING,GRUVÖN,0.9534146423936458
KÖPING,SÖDERTÄLJE,0.9532725778742247
STENUNGSUND,UDDEVALLA,0.953238689010987
Diliskelesi,Beykoz,0.9532184976263169
Amorgos,Yali Island,0.953151314275101
SKUTSKÄR,SÖDERHAMN,0.9530831199852481
HELSINGÖR,YSTAD,0.953081996911104
Finike,Gocek,0.952478284011865
HELSINGBORG,BROFJORDEN,0.9524035523296628
Eckerö,DEGERHAMN,0.9523897932988826
Rhodes,Fethiye,0.952323575193435
HANKO/HANGÖ,UUSIKAUPUNKI/NYSTAD,0.9520565021611229
OTTERBÄCKEN,KRISTINEHAMN,0.9519967969423974
Marmaris,Finike,0.9519925311761227
KRAMFORS,HÄRNÖSAND,0.9519653593022905
UUSIKAUPUNKI/NYSTAD,SAINT PETERSBURG,0.9518615228829985
YSTAD,HALMSTAD,0.9518356753288905
OTTERBÄCKEN,GRUVÖN,0.9518258580224725
RAUMA,PIETARSAARI,0.9517324472470307
HARAHOLMEN,SKELLEFTEHAMN,0.9517212618108072
MALMÖ,YSTAD,0.9517200582959643
HELSINKI/HELSINGFORS,LOKSA,0.9515275360491745
Rhodes,Kalimnos Island,0.9513860438810167
LANDSKRONA,YSTAD,0.9510973571467116
GRISSLEHAMN,HUDIKSVALL,0.9509697874323291
Yali Island,Finike,0.9509081952794237
Maltepe,Erdek,0.9508226508456579
LULEÅ,KALAJOKI,0.9506482092138232
Keramoti,Thasos,0.9506440272533758
Bodrum,Gulluk,0.9505972010085171
VAASA,DEGERHAMN,0.9505841044185815
GRENÅ,VARBERG,0.9505716747508943
RONEHAMN,PORI/MÄNTYLUOTO,0.9505321688694599
Rhodes,Kas,0.9503781694346952
RAUMA,DEGERHAMN,0.9503616908680167
Ilyichevsk,Kherson,0.9503155500960605
Aliaga,Mytilene,0.9503123553231819
KIEL,KLINTEHAMN,0.9502441826942054
LANDSKRONA,BROFJORDEN,0.9500127093170128
STOCKHOLM,SÖDERTÄLJE,0.9499864636429308
VISBY,VÄSTERVIK,0.9498948817491496
PRIMORSK,HUDIKSVALL,0.9498238207901006
SLITE,STORUGNS,0.9497810298852484
Fethiye,Finike,0.9496120550320213
KARLSKRONA,ÅHUS,0.9495298043414442
VISBY,SKÖLDVIK,0.9494487005854677
Buyukcekmece,Novorossiysk,0.9494300179315047
Izmail,Ust Dunaysk,0.9494281158930519
GRENÅ,HALMSTAD,0.9493951616995383
OULU,SÖDERHAMN,0.9493556818828
HELSINKI/HELSINGFORS,HANKO/HANGÖ,0.9492587730234259
VISBY,GRISSLEHAMN,0.9492154463054507
Bodrum,Kalimnos Island,0.9490944031703181
GRISSLEHAMN,SÖDERHAMN,0.9490878502993475
Ambarli,Tuzla,0.9489154589919143
VISBY,HOLMSUND,0.9489037003216289
RAUMA,KALAJOKI,0.9488842346560759
SKOGHALL,OTTERBÄCKEN,0.9485926166901097
UUSIKAUPUNKI/NYSTAD,KALAJOKI,0.9485778148942393
OSKARSHAMN,SÖDERHAMN,0.948463681581633
HOLMSUND,LULEÅ,0.9483772275795572
HARAHOLMEN,LÅNGNÄS,0.9481169564327215
HANKO/HANGÖ,DEGERHAMN,0.9481102241827671
MARIEHAMN,LULEÅ,0.9481072543015048
HELSINGBORG,YSTAD,0.947975563379444
VAASA,LULEÅ,0.9478320415010574
YSTAD,SILLAMÄE,0.9476637821791178
Eckerö,KEMI,0.9475683349760986
SIMRISHAMN,LOKSA,0.9475436986408751
Rhodes,Patmos,0.9474166601334397
GRUVÖN,KRISTINEHAMN,0.9473249500050138
HANKO/HANGÖ,RONEHAMN,0.9472843575246234
KIEL,VAASA,0.9472258869053871
Tekirdag,Karabiga,0.9472143767737422
DEGERHAMN,LOKSA,0.9471194077930121
YSTAD,VARBERG,0.9470159066427628
UUSIKAUPUNKI/NYSTAD,SILLAMÄE,0.9469006252528579
TORNIO,UUSIKAUPUNKI/NYSTAD,0.9468104674733916
OXELÖSUND,KLINTEHAMN,0.9467660528947475
Amorgos,Mersin,0.9464453375519678
HARAHOLMEN,PORI/MÄNTYLUOTO,0.9464111861440898
LULEÅ,KOKKOLA,0.9463468263804519
Dikili,Mytilene,0.9462959072084696
TORNIO,PORI/MÄNTYLUOTO,0.9462621388575768
OULU,PORI/MÄNTYLUOTO,0.9461685944640306
UUSIKAUPUNKI/NYSTAD,UST-LUGA,0.946113154231071
GRISSLEHAMN,KASKINEN,0.9460509176697318
TORNIO,SKUTSKÄR,0.946018884898598
MALMÖ,BROFJORDEN,0.9459527820199565
Kos,Finike,0.9456779432725505
LULEÅ,PORI/MÄNTYLUOTO,0.9455878066622513
GRISSLEHAMN,HARAHOLMEN,0.9455452339176377
RONEHAMN,LOKSA,0.9453748202788698
Eckerö,SKUTSKÄR,0.9453720525130191
YSTAD,VISBY,0.9453664146589801
Agio Theodoroi,Corinth,0.9453327624691474
Mudanya,Buyukcekmece,0.9449786091750842
UUSIKAUPUNKI/NYSTAD,SÖDERHAMN,0.9448429982627558
UUSIKAUPUNKI/NYSTAD,LULEÅ,0.944732275000264
Bodrum,Kas,0.9445454721782929
Amorgos,Kas,0.9445443595954222
HANKO/HANGÖ,VENTSPILS,0.9443022963998118
VENTSPILS,UUSIKAUPUNKI/NYSTAD,0.944245699265161
PRIMORSK,HALMSTAD,0.9439443495527615
Diliskelesi,Sariyer,0.9437592906132358
PIETARSAARI,KOKKOLA,0.9436987272425934
VÄSTERÅS,KAPELLSKÄR,0.9435517740235289
YSTAD,SKÖLDVIK,0.943495670560191
VENTSPILS,LOKSA,0.9431163458895518
GRISSLEHAMN,OULU,0.9431005743330065
SKUTSKÄR,LULEÅ,0.9430161706246449
OULU,HUDIKSVALL,0.9429184643987444
HUSUM,RUNDVIK,0.9428523127101145
KÖPENHAMN,BROFJORDEN,0.9428392227371114
VISBY,LULEÅ,0.9427674310934298
KIEL,HANKO/HANGÖ,0.9427590241728339
SIMRISHAMN,HANKO/HANGÖ,0.942700986756585
KIEL,RAUMA,0.9426964122447204
SILLAMÄE,PORI/MÄNTYLUOTO,0.9426833266052665
Idhra (Hydra),Corinth,0.9426558621233497
FALKENBERG,STRÖMSTAD,0.9425809736664761
Izmir,Mytilene,0.9425558393406634
VÄSTERVIK,HUDIKSVALL,0.9425149492986915
TORNIO,KALAJOKI,0.9424472381763107
PORI/MÄNTYLUOTO,UST-LUGA,0.9424417336739215
VISBY,OULU,0.9423604231068671
DEGERHAMN,KLINTEHAMN,0.9423081707949981
KALAJOKI,KOKKOLA,0.9422719943721176
SKÖLDVIK,HUDIKSVALL,0.9421926569118803
KASKINEN,SKELLEFTEHAMN,0.9421419749763938
KEMI,SKUTSKÄR,0.9421021154026976
GRISSLEHAMN,TORNIO,0.9419468673920318
VENTSPILS,ÅHUS,0.9419048933771778
HUDIKSVALL,LULEÅ,0.941841058536982
HÖGANÄS,FREDRIKSHAMN,0.941728174957501
HUDIKSVALL,SKELLEFTEHAMN,0.941627305731799
PORI/MÄNTYLUOTO,KASKINEN,0.9416022602399561
KIEL,Eckerö,0.9415858674477853
Kos,Gulluk,0.9414658450000848
YSTAD,HÖGANÄS,0.9414024459570759
LÖDÖSE,LYSEKIL,0.9413595985352083
HANKO/HANGÖ,UST-LUGA,0.9413446512751172
PIETARSAARI,HOLMSUND,0.9413378896857754
Diliskelesi,Buyukcekmece,0.9412811252666611
SKÖLDVIK,UUSIKAUPUNKI/NYSTAD,0.9411178287108338
TORNIO,KOKKOLA,0.9411057518682507
Amorgos,Anamur,0.9408056871601769
TORNIO,SKELLEFTEHAMN,0.940733203606394
Kos,Marmaris,0.9406288426750326
Sevastopol,Kherson,0.940587884283246
PRIMORSK,VARBERG,0.9405585012081709
PRIMORSK,BROFJORDEN,0.9404918098431964
HANKO/HANGÖ,NAANTALI/NÅDENDAL,0.9404888186427337
SAINT PETERSBURG,KOKKOLA,0.9404744840460204
PRIMORSK,TALLIN,0.9403679411677853
VISBY,SKELLEFTEHAMN,0.9401447018279244
Canakkale,Gelibolu,0.9400484366296266
KOKKOLA,SÖDERHAMN,0.939997759560596
Belgorod-Dnestrovskiy,Kherson,0.9399642242607316
PIETARSAARI,UUSIKAUPUNKI/NYSTAD,0.9399231685546772
SKUTSKÄR,PORI/MÄNTYLUOTO,0.9398618476560646
HÖGANÄS,STRÖMSTAD,0.9398601304042877
VISBY,MARIEHAMN,0.9398412720187973
Ambarli,Derince,0.9396954422925371
FREDRIKSHAMN,FALKENBERG,0.9395820306988839
SKÖLDVIK,LOKSA,0.9395418690163347
VENTSPILS,KOKKOLA,0.9394430457646972
VISBY,KASKINEN,0.9393784460621123
HELSINGÖR,FREDRIKSHAMN,0.9393044257224143
KARLSHAMN,VENTSPILS,0.9392091746701694
Yali Island,Thira,0.9388478054215375
HALMSTAD,UST-LUGA,0.9387714393716926
VISBY,TORNIO,0.9386438729315851
Amorgos,Marmaris,0.9385423115563987
Kalimnos Island,Finike,0.9385414365640499
PRIMORSK,GRENÅ,0.938453009280911
Eckerö,KALAJOKI,0.9384076762654645
SKUTSKÄR,KALAJOKI,0.9383985368158957
HANKO/HANGÖ,KASKINEN,0.9382220022938639
HELSINKI/HELSINGFORS,UUSIKAUPUNKI/NYSTAD,0.9382187921950581
Patmos,Kas,0.937953604652903
PIETARSAARI,LÅNGNÄS,0.9376731503523822
Samsun,Sinop,0.9376498216079425
FREDRIKSHAMN,TRELLEBORG,0.9375782217943358
Cesme,Samos,0.9375197687459464
SKÖLDVIK,KLINTEHAMN,0.9374228831054369
Mudanya,Sariyer,0.9373087311893763
STOCKHOLM,KAPELLSKÄR,0.9371421122035803
SIMRISHAMN,UUSIKAUPUNKI/NYSTAD,0.9371296038662319
TORNIO,HUDIKSVALL,0.936852802448561
SILLAMÄE,KOKKOLA,0.9368044969953018
Mariupol,Berdyansk,0.9367429514504905
Mariupol,Kerch,0.9367429514504905
RONEHAMN,VAASA,0.9362524151802499
HANKO/HANGÖ,VISBY,0.9360741717558816
UST-LUGA,KOKKOLA,0.9358906968045438
KOVERHAR,NAANTALI/NÅDENDAL,0.9358462548767768
HUDIKSVALL,KLINTEHAMN,0.935839266498374
Thira,Gocek,0.9357901965307663
Yali Island,Kos,0.9357808247296645
Kos,Gocek,0.935748537797456
SAINT PETERSBURG,PORI/MÄNTYLUOTO,0.9356559435744519
RAUMA,TORNIO,0.9355759609418415
SIMRISHAMN,ÅHUS,0.9355321763439997
GRENÅ,UST-LUGA,0.9355256114938483
VISBY,LOKSA,0.9354623800324764
Patmos,Fethiye,0.9353391879356583
VISBY,KLINTEHAMN,0.9352710733044709
MARIEHAMN,TORNIO,0.9352087704222374
Patmos,Gocek,0.9350867172576028
Parainen,LÅNGNÄS,0.9348091659578663
SIMRISHAMN,KARLSHAMN,0.9347057532828816
BÅLSTA,KAPELLSKÄR,0.9345427660184694
Ayancik,Samsun,0.9345041055402841
LÅNGNÄS,NAANTALI/NÅDENDAL,0.9344935980284683
VARBERG,UST-LUGA,0.9344019178248754
VÄSTERÅS,NYNÄSHAMN,0.934307662319014
KIEL,LOKSA,0.9341925771627617
PIETARSAARI,NAANTALI/NÅDENDAL,0.934013643887642
Thira,Kas,0.9339839380840012
RONEHAMN,KLINTEHAMN,0.9337424139303785
MARIEHAMN,HUDIKSVALL,0.9337058808245299
BÅLSTA,SÖDERTÄLJE,0.9336972953433657
HANKO/HANGÖ,HARAHOLMEN,0.9336941663131556
TROLLHÄTTAN,LYSEKIL,0.9336450078581386
PRIMORSK,PALDISKI,0.9336240274264075
SKÖLDVIK,KOKKOLA,0.9335518776798992
PRIMORSK,FREDRIKSHAMN,0.9333643093298921
KÖGE,BROFJORDEN,0.9333117637095965
KÖPING,KAPELLSKÄR,0.9331791959610374
Mersin,Thira,0.9331365944406798
Bodrum,Finike,0.9330867023989422
HOLMSUND,SÖDERHAMN,0.9330627803242857
VAASA,KEMI,0.9330577436032652
VAASA,SKUTSKÄR,0.932788652197909
KEMI,OULU,0.9327434131346708
RAUMA,LULEÅ,0.9326422369661487
Ambarli,Erdek,0.9323224957517104
HELSINGÖR,PRIMORSK,0.9322026749167079
OULU,SKELLEFTEHAMN,0.9321831547147182
HELSINGÖR,STRÖMSTAD,0.9321471497458429
BROFJORDEN,UST-LUGA,0.9319408823386277
KOKKOLA,KLINTEHAMN,0.9319339135755385
HELSINGBORG,FREDRIKSHAMN,0.9319149922814676
VAASA,PIETARSAARI,0.9318833502654605
RAUMA,RONEHAMN,0.9318361941071939
SKUTSKÄR,HUDIKSVALL,0.9318191910635935
HUDIKSVALL,KASKINEN,0.9317369209577326
PRIMORSK,PORI/MÄNTYLUOTO,0.9316379709288184
SKUTSKÄR,UUSIKAUPUNKI/NYSTAD,0.9315477631721171
Amorgos,Gocek,0.9315140331451874
HÖNSÄTER,SKOGHALL,0.9314096903166623
VÄSTERVIK,UST-LUGA,0.9312179886341801
SIMRISHAMN,KOKKOLA,0.9310181279423085
VÄSTERVIK,SKÖLDVIK,0.9309152655046697
HANKO/HANGÖ,KOKKOLA,0.9308582646364244
Gocek,Akdeniz,0.9307423535938508
MARIESTAD,KRISTINEHAMN,0.9306209811098264
PRIMORSK,UUSIKAUPUNKI/NYSTAD,0.9304930407195876
Patmos,Marmaris,0.9303888035437814
DEGERHAMN,KASKINEN,0.9303476318265474
HARAHOLMEN,NAANTALI/NÅDENDAL,0.930233219745105
HARAHOLMEN,KALAJOKI,0.9300822807414489
RAAHE,LULEÅ,0.9300739220225333
DEGERHAMN,SÖDERHAMN,0.9300531605929871
SKUTSKÄR,HOLMSUND,0.9300499613278013
GRENÅ,SKÖLDVIK,0.9298738852983504
PORI/MÄNTYLUOTO,SÖDERHAMN,0.9297987507352167
OSKARSHAMN,KEMI,0.9295277629130725
VISBY,KEMI,0.9294602020489436
FREDRIKSHAMN,UST-LUGA,0.9293482494856612
SÖDERHAMN,SKELLEFTEHAMN,0.9292995388479217
Eckerö,RONEHAMN,0.9291090174333088
HANKO/HANGÖ,PRIMORSK,0.9289275782363318
HANKO/HANGÖ,VÄSTERVIK,0.9289151833909233
VÄSTERVIK,SILLAMÄE,0.9288886938073644
HELSINGBORG,STRÖMSTAD,0.9288653816822269
RAUMA,SILLAMÄE,0.9288208589582067
KEMI,HUDIKSVALL,0.9287944114681577
Inebolu,Rize,0.9284990741013269
Inebolu,Fatsa,0.9284990741013269
GRENÅ,TRELLEBORG,0.9281922986327096
Rhodes,Finike,0.9281625388601433
VISBY,SKUTSKÄR,0.9281366722878883
MALMÖ,PRIMORSK,0.92795428563982
MARIEHAMN,SKUTSKÄR,0.9278827503780237
LOKSA,KUNDA,0.9276770199930897
Marmaris,Akdeniz,0.9275538429028028
Canakkale,Tekirdag,0.9275308007919154
RAUMA,SÖDERHAMN,0.9274504959415236
Naxos,Thira,0.9273949219827582
MARIESTAD,GRUVÖN,0.927360727248341
KÖPENHAMN,PRIMORSK,0.9273193639105577
Thira,Anamur,0.9268440655043673
RAUMA,SAINT PETERSBURG,0.9268208863288295
Anamur,Kas,0.9267940962712244
KIEL,TRELLEBORG,0.9267562099259866
Haifa,Ashdod,0.9266056334297041
Beykoz,Tuzla,0.9265979908245535
SAINT PETERSBURG,ÅHUS,0.9265386248750055
Haifa,En Naqoura,0.9264876136187983
LANDSKRONA,FREDRIKSHAMN,0.9264488020938998
DEGERHAMN,HOLMSUND,0.9262444528849385
NORRSUNDET,SKUTSKÄR,0.9260752536971969
RONEHAMN,ÅHUS,0.9260228914626617
YSTAD,ÅMÅL,0.9259643469772803
Fethiye,Akdeniz,0.9258245201149312
KÖGE,PRIMORSK,0.9258243049965802
HÖGANÄS,GRENÅ,0.925625425603938
Eckerö,OSKARSHAMN,0.9254906154601273
HELSINGÖR,GRENÅ,0.9252518034280275
PRIMORSK,HÖGANÄS,0.9252393389016212
HANKO/HANGÖ,HUDIKSVALL,0.9250967160220507
KEMI,LULEÅ,0.9250620556753801
LULEÅ,KASKINEN,0.9248513283006982
HELSINKI/HELSINGFORS,KOKKOLA,0.9247300332166082
OULU,KALAJOKI,0.9246504059020609
NAANTALI/NÅDENDAL,KASKINEN,0.9244869266270824
HELSINGBORG,PRIMORSK,0.9244136352206547
Kos,Fethiye,0.9244113817494419
Kymi (Kimi),Achladi,0.924371524706128
HELSINKI/HELSINGFORS,KLINTEHAMN,0.9240489371732796
PIETARSAARI,MARIEHAMN,0.9236084267610296
KIEL,HOLMSUND,0.9235608668692249
Amorgos,Fethiye,0.9235179153394057
YSTAD,KLINTEHAMN,0.9234698846851951
LANDSKRONA,STRÖMSTAD,0.9234658055988749
VAASA,SAINT PETERSBURG,0.9233082513719821
Eleusis,Lavrion (Laurium),0.9232281264537562
HANKO/HANGÖ,PORI/MÄNTYLUOTO,0.9232245330781773
VENTSPILS,PORI/MÄNTYLUOTO,0.9232057832723191
MALMÖ,FREDRIKSHAMN,0.9231920972229812
Bodrum,Yali Island,0.9231872064994276
DEGERHAMN,OULU,0.9231779676468302
LÖDÖSE,UDDEVALLA,0.9230812824135365
Derince,Beykoz,0.9230575711995955
RAUMA,SKÖLDVIK,0.9229860216310699
UUSIKAUPUNKI/NYSTAD,KLINTEHAMN,0.9229473890703267
Amorgos,Kalimnos Island,0.9229151619271697
KARLSHAMN,SAINT PETERSBURG,0.922554751209268
TRELLEBORG,SKÖLDVIK,0.9225543623541175
LÅNGNÄS,KASKINEN,0.9225306768128976
LANDSKRONA,PRIMORSK,0.9222582619078721
VISBY,HARAHOLMEN,0.9221241699196223
HUDIKSVALL,LOKSA,0.9220904876109656
KEMI,UUSIKAUPUNKI/NYSTAD,0.9219950136112756
VÄSTERVIK,UUSIKAUPUNKI/NYSTAD,0.9219585992777722
FREDRIKSHAMN,SKÖLDVIK,0.9219288908678811
BROFJORDEN,ÅMÅL,0.9217840084278761
GRENÅ,KUNDA,0.9217171103674328
UUSIKAUPUNKI/NYSTAD,LOKSA,0.9216133562768907
SAINT PETERSBURG,KLINTEHAMN,0.9213244143911792
KÖPENHAMN,FREDRIKSHAMN,0.9213055205479322
UST-LUGA,KLINTEHAMN,0.9212361864436638
RAAHE,HOLMSUND,0.9211295553779763
HANKO/HANGÖ,VAASA,0.9211054186493391
SKUTSKÄR,KOKKOLA,0.9211002111218224
HELSINKI/HELSINGFORS,PORI/MÄNTYLUOTO,0.9209037778080007
Parainen,KOVERHAR,0.920866464604604
Mersin,Kas,0.9206954002469633
MARIESTAD,SKOGHALL,0.9206482552933547
Agnesberg,BROFJORDEN,0.9206428764239426
RAAHE,ÖREGRUND,0.9205003336490204
HELSINKI/HELSINGFORS,TRELLEBORG,0.9203803307137897
RAUMA,SKUTSKÄR,0.9203383344497194
OSKARSHAMN,OULU,0.9202236956354053
HELSINGÖR,UST-LUGA,0.9200102454558774
VAASA,SILLAMÄE,0.9199797974139502
KÖPENHAMN,UST-LUGA,0.9198744751503067
PORI/MÄNTYLUOTO,KLINTEHAMN,0.9197396180994523
SÖDERTÄLJE,KAPELLSKÄR,0.9196952844778273
KEMI,HOLMSUND,0.919621312122154
RONEHAMN,TRELLEBORG,0.9195923711597186
DEGERHAMN,GRISSLEHAMN,0.9194533877081611
VISBY,KALAJOKI,0.9192924784787376
HALMSTAD,SKÖLDVIK,0.919258959622442
RONEHAMN,KARLSHAMN,0.9191331275692401
GRENÅ,FALKENBERG,0.91890555677147
HUDIKSVALL,KALAJOKI,0.9187002268371006
Tasucu,Mersin,0.9184022870045776
TRELLEBORG,STRÖMSTAD,0.9182432228502853
HARAHOLMEN,HUDIKSVALL,0.9181939359950939
KOVERHAR,LOKSA,0.9181409508835057
YSTAD,BROFJORDEN,0.917866986124823
FREDRIKSHAMN,KUNDA,0.9178554990033675
PALDISKI,SKUTSKÄR,0.9177940008913831
HANKO/HANGÖ,OULU,0.9177320612851378
MUUGA,SKUTSKÄR,0.9176612912386818
SKÖLDVIK,PORI/MÄNTYLUOTO,0.9174674004077807
DEGERHAMN,LULEÅ,0.9174391821815775
KASKINEN,SÖDERHAMN,0.9174355379312411
VÄSTERVIK,KOKKOLA,0.9174330788204058
MALMÖ,STRÖMSTAD,0.917389808999684
KIEL,KASKINEN,0.9171719952988572
RAUMA,UST-LUGA,0.9170584217776923
HELSINGBORG,GRENÅ,0.916894703468668
Maltepe,Novorossiysk,0.9168876340854296
VENTSPILS,KLINTEHAMN,0.9168298103901089
Kos,Akdeniz,0.9167320692887585
MARIEHAMN,RAAHE,0.9165595497316499
Beykoz,Erdek,0.9164486946565643
VAASA,UST-LUGA,0.9163665940429981
DEGERHAMN,MARIEHAMN,0.9163028872336203
KIEL,GRISSLEHAMN,0.9161197151157285
Aamshite,Batroun,0.9160627098645694
Eckerö,VENTSPILS,0.9159866165613296
KÖPING,NYNÄSHAMN,0.9158965491456892
Cide,Fatsa,0.91585060561896
Cide,Rize,0.91585060561896
LULEÅ,KLINTEHAMN,0.9157571150210347
VAASA,VENTSPILS,0.9155983892614529
Ain El Mraisse _El Jisr,Batroun,0.9155655456768037
SIMRISHAMN,PORI/MÄNTYLUOTO,0.9154473849639706
Eckerö,SAINT PETERSBURG,0.9154082901244198
KALAJOKI,KASKINEN,0.9153244517527854
SIMRISHAMN,TRELLEBORG,0.9151445755674984
KIEL,SKELLEFTEHAMN,0.9148861619058525
RAUMA,VENTSPILS,0.914880669668329
HANKO/HANGÖ,Parainen,0.9148690721230545
NORRKÖPING,KLINTEHAMN,0.9147442307157675
DEGERHAMN,SKELLEFTEHAMN,0.9147276017768965
TRELLEBORG,DEGERHAMN,0.9147087549799595
VISBY,PALDISKI,0.9146762473790211
Eckerö,RAAHE,0.9146230731657983
DEGERHAMN,ÅHUS,0.914517778894418
KÖGE,UST-LUGA,0.9144349802300749
KIEL,MARIEHAMN,0.9143500182931085
HANKO/HANGÖ,PIETARSAARI,0.9143493429298182
KEMI,GRISSLEHAMN,0.9142499583950825
VARBERG,SKÖLDVIK,0.914223384683276
KEMI,KOKKOLA,0.9141973004910884
TORNIO,LULEÅ,0.9140048916984672
Eckerö,UST-LUGA,0.9139503522883053
YSTAD,LOKSA,0.913872404411627
Tuapse,Maltepe,0.9138244694414547
TRELLEBORG,SAINT PETERSBURG,0.9137644532663244
RAUMA,KOVERHAR,0.9137362894260403
KALAJOKI,SÖDERHAMN,0.9136364799613494
KÖGE,FREDRIKSHAMN,0.9136006488617476
KIEL,SÖDERHAMN,0.9135992702476776
MALMÖ,UST-LUGA,0.9133397165140693
Eleusis,Corinth,0.9131234588643448
Tel Aviv,Haifa,0.9129394499368602
SKÖLDVIK,KOVERHAR,0.9128748851307935
Yali Island,Anamur,0.9128678782011072
RAUMA,LOKSA,0.9127823713441077
Eckerö,SILLAMÄE,0.9126224368801878
MARIEHAMN,SÖDERHAMN,0.9124474257618314
Bandirmar,Novorossiysk,0.9122934567380763
PRIMORSK,KOKKOLA,0.9122362756786655
YSTAD,FALKENBERG,0.912176585043167
Thira,Finike,0.9121370854568549
Thira,Fethiye,0.912109768160462
Tuzla,Buyukcekmece,0.911604120465829
HELSINKI/HELSINGFORS,RAUMA,0.9115370166679425
PALDISKI,SILLAMÄE,0.9114656485992978
HARAHOLMEN,TORNIO,0.911454284864267
LANDSKRONA,UST-LUGA,0.9112518154478733
Amorgos,Finike,0.9111422411122561
LANDSKRONA,GRENÅ,0.9110779778009748
HELSINKI/HELSINGFORS,ÅHUS,0.9110507998317047
KIEL,ÅHUS,0.9109379565913838
KÖPENHAMN,STRÖMSTAD,0.9108963766328504
HELSINGBORG,UST-LUGA,0.9107851714077494
Tuzla,Sariyer,0.9107422799199036
Naxos,Amorgos,0.9106358369209056
Parainen,PIETARSAARI,0.9106340108302556
TRELLEBORG,SILLAMÄE,0.9105427454155524
Eckerö,HANKO/HANGÖ,0.9105365525379086
SKÖLDVIK,KASKINEN,0.9104565401022178
KIEL,OULU,0.9104486326069012
HÖGANÄS,UST-LUGA,0.9104102416507207
Patmos,Anamur,0.9103969097862906
RAAHE,SKELLEFTEHAMN,0.9103273553380098
HANKO/HANGÖ,TAALINTEHDAS,0.9102835721047516
OULU,LULEÅ,0.9102200405922428
SIMRISHAMN,Eckerö,0.9100642061100848
Cesme,Mytilene,0.9100209155309661
Yali Island,Akdeniz,0.9097923600846043
PRIMORSK,MUUGA,0.9096691064048574
SIMRISHAMN,KLINTEHAMN,0.9095807928606938
SÖLVESBORG,VENTSPILS,0.9095800828201638
VYBORG,VYSOTSKI,0.9095647409325218
TRELLEBORG,VENTSPILS,0.9095271099390568
GRENÅ,LOKSA,0.9095026929779584
Marmaris,Anamur,0.9094160764772817
Yali Island,Gulluk,0.9093702085819099
PIETARSAARI,TORNIO,0.9093219678536111
BROFJORDEN,SKÖLDVIK,0.9092753681737462
PRIMORSK,KLINTEHAMN,0.909268520555984
Bodrum,Marmaris,0.9091623430039001
YSTAD,PORI/MÄNTYLUOTO,0.9089700669287352
PRIMORSK,SKUTSKÄR,0.9088512094528165
RAUMA,PALDISKI,0.9086493054093584
MALMÖ,GRENÅ,0.9083505291346724
Reni,Ust Dunaysk,0.9082719566345249
Bodrum,Gocek,0.9082094593068654
RONEHAMN,HOLMSUND,0.9081897493578482
DEGERHAMN,HARAHOLMEN,0.9081262743306561
HELSINKI/HELSINGFORS,KARLSHAMN,0.9080933143622445
PALDISKI,UST-LUGA,0.9080723265195857
KOVERHAR,KASKINEN,0.9080148144486261
Derince,Buyukcekmece,0.90783839464923
HARAHOLMEN,LULEÅ,0.9078185999991543
KARLSHAMN,DEGERHAMN,0.9077881816225231
KEMI,SKELLEFTEHAMN,0.90767243339483
KIEL,HALMSTAD,0.907661452128548
SIMRISHAMN,SÖLVESBORG,0.9076105008479272
KEMI,PORI/MÄNTYLUOTO,0.9073966477062749
Eckerö,SKÖLDVIK,0.9073488232720093
RAUMA,NAANTALI/NÅDENDAL,0.9073032511166397
KÖPENHAMN,GRENÅ,0.9072359792969091
Eckerö,KLINTEHAMN,0.907136280124353
SIMRISHAMN,RAUMA,0.9069994389045734
Bodrum,Fethiye,0.9069482569169607
RONEHAMN,SÖDERHAMN,0.9069116644599857
RAUMA,KEMI,0.9065376998210181
STRÖMSTAD,KUNDA,0.9065045658324747
TALLIN,UST-LUGA,0.9062682126381856
HELSINKI/HELSINGFORS,GRENÅ,0.9062406183920464
KIEL,LULEÅ,0.9061213975796931
RAUMA,PRIMORSK,0.9060318141554081
HUDIKSVALL,ÅHUS,0.9059452335113117
Tuapse,Buyukcekmece,0.9059425649627488
MUUGA,TORNIO,0.9059358706553587
Bodrum,Patmos,0.9058566735532521
DEGERHAMN,SKUTSKÄR,0.905832153986897
PALDISKI,UUSIKAUPUNKI/NYSTAD,0.9058231360241317
Rhodes,Mersin,0.9057435683989853
SKÖLDVIK,KUNDA,0.9056423902481406
TORNIO,KASKINEN,0.9056109593038574
TROLLHÄTTAN,HÖNSÄTER,0.9055661825789107
Thira,Patmos,0.9055461230142703
SIMRISHAMN,VAASA,0.9054471479259254
YSTAD,GRENÅ,0.9052812279568123
HELSINKI/HELSINGFORS,VAASA,0.9051442461120808
KÖGE,STRÖMSTAD,0.9051050889237547
Kymi (Kimi),Skopelos,0.9050540496694798
Parainen,HARAHOLMEN,0.9047477561233273
ÅHUS,SILLAMÄE,0.9044897375456699
YSTAD,FREDRIKSHAMN,0.9043179630150557
DEGERHAMN,TORNIO,0.9042648819971449
Tuapse,Sariyer,0.9041689332239919
HOLMSUND,SILLAMÄE,0.9039373932128768
VAASA,VÄSTERVIK,0.9037625384665252
DEGERHAMN,KEMI,0.9036974532379629
SKUTSKÄR,OULU,0.9035120958060235
HANKO/HANGÖ,PALDISKI,0.9034045627291412
STORUGNS,SÖDERHAMN,0.9032996503251679
HANKO/HANGÖ,KUNDA,0.9031508019451383
YSTAD,KOKKOLA,0.9029197482923726
YSTAD,UUSIKAUPUNKI/NYSTAD,0.9028572516542626
KIEL,KARLSHAMN,0.9027954761164511
LOKSA,PORI/MÄNTYLUOTO,0.9027830329307227
RONEHAMN,OULU,0.9027814548844617
Derince,Sariyer,0.9027499452860113
Kos,Rhodes,0.902702991263894
Beykoz,Tuapse,0.9026763191117062
PRIMORSK,FALKENBERG,0.9026156259768902
Tasucu,Giresun,0.9025872290011792
Tasucu,Ordu,0.9025872290011792
PALDISKI,PORI/MÄNTYLUOTO,0.9023016757509403
KIEL,VARBERG,0.9018719582240662
VISBY,ÅHUS,0.9016193274469266
HANKO/HANGÖ,MARIEHAMN,0.9016155258394106
SKUTSKÄR,UST-LUGA,0.9015430674402966
DEGERHAMN,PALDISKI,0.9014816744826739
GRISSLEHAMN,RAAHE,0.9014547906743987
RONEHAMN,KASKINEN,0.9014505983331033
KÖGE,GRENÅ,0.9008713467697153
Buyukcekmece,Erdek,0.900744602146394
MARIEHAMN,LÅNGNÄS,0.9006988405097079
Burgas,Varna,0.9006682449773493
STOCKHOLM,NYNÄSHAMN,0.9001880332940128
VAASA,PALDISKI,0.8999781042526873
KIEL,HARAHOLMEN,0.8998825266298837
Parainen,KASKINEN,0.8997376633886547
GRENÅ,SILLAMÄE,0.8996983779128177
Yumurtalik Bay,Iskenderun,0.8996468541479004
Patmos,Finike,0.8996079330151703
SAINT PETERSBURG,KASKINEN,0.8995857839306229
GRENÅ,SAINT PETERSBURG,0.8995734966653001
Eckerö,HELSINKI/HELSINGFORS,0.8993494123831748
PIETARSAARI,PORI/MÄNTYLUOTO,0.8993439746469829
KOVERHAR,SAINT PETERSBURG,0.8992402346894288
YSTAD,VÄSTERVIK,0.899206824363854
KIEL,BROFJORDEN,0.8991503784824891
Kos,Patmos,0.8990400647752073
PIETARSAARI,HUDIKSVALL,0.8989706893429361
KARLSHAMN,SILLAMÄE,0.8988466678129282
PRIMORSK,VAASA,0.8988175934414899
PRIMORSK,SKELLEFTEHAMN,0.8987629372055658
RAUMA,LÅNGNÄS,0.8987493631189525
Poti,Hopa,0.8985937022251077
HARGSHAMN,KALAJOKI,0.8983177996548951
Fethiye,Gulluk,0.8981853376732153
UST-LUGA,SKELLEFTEHAMN,0.8979946788059173
PRIMORSK,VÄSTERVIK,0.8977993789526941
Tel Aviv,Hadera,0.8977287596189638
HELSINKI/HELSINGFORS,KOVERHAR,0.8975477829747343
TRELLEBORG,KLINTEHAMN,0.8975112803975188
TRELLEBORG,HUDIKSVALL,0.8974105385935289
KIEL,TORNIO,0.8972855335324964
HARAHOLMEN,SÖDERHAMN,0.897189028760713
HELSINKI/HELSINGFORS,HALMSTAD,0.8970905815060958
KEMI,MUUGA,0.8966607690526135
HANKO/HANGÖ,ÅHUS,0.8965834608857377
MARIEHAMN,KLINTEHAMN,0.896397124556017
RAUMA,VÄSTERVIK,0.8963550725727397
PALDISKI,TORNIO,0.8962804661754193
Finike,Anamur,0.8962297732174722
KIEL,SKUTSKÄR,0.896124704421464
Idhra (Hydra),Lavrion (Laurium),0.8961128090659581
Novorossiysk,Gulluk,0.8960099803988397
KOVERHAR,PALDISKI,0.8959897256763057
KEMI,MARIEHAMN,0.8959149979452153
HANKO/HANGÖ,HOLMSUND,0.8958989522050875
PALDISKI,SAINT PETERSBURG,0.8956887687803714
KOVERHAR,HARAHOLMEN,0.8956750954152961
Diliskelesi,Novorossiysk,0.8956541062084703
SKUTSKÄR,LOKSA,0.8956028501249759
Amorgos,Syros (Syra),0.8954222447140621
VÄSTERVIK,OULU,0.8952942097165651
LIDKÖPING,OTTERBÄCKEN,0.8952488804220137
OULU,SILLAMÄE,0.8950877198197611
VAASA,SKÖLDVIK,0.8950371592163596
RAAHE,KALAJOKI,0.8949980764454337
HARGSHAMN,RAAHE,0.8949832162571623
TROLLHÄTTAN,LIDKÖPING,0.8949739693754318
PALDISKI,SKELLEFTEHAMN,0.894929507844403
VENTSPILS,SÖDERHAMN,0.894898131371701
Tuapse,Bandirmar,0.8948902977226348
Rhodes,Anamur,0.8948585185025043
OSKARSHAMN,PIETARSAARI,0.8948058517693067
RONEHAMN,GRISSLEHAMN,0.8945753041283666
Kalimnos Island,Akdeniz,0.894503143819655
KOVERHAR,SILLAMÄE,0.894408814290924
Sariyer,Erdek,0.8943537288726884
FREDRIKSHAMN,LOKSA,0.8943357245184657
RAUMA,KLINTEHAMN,0.8942672152074697
SKÖLDVIK,HARAHOLMEN,0.8941171540426776
KIEL,GRENÅ,0.8940856930656074
VÄSTERVIK,KARLSKRONA,0.894047861488709
VÄSTERVIK,LOKSA,0.8940224338598486
Mersin,Marmaris,0.8939869938405652
Diliskelesi,Tuapse,0.8939537579990037
Bodrum,Akdeniz,0.8938512867270971
KARLSHAMN,HUDIKSVALL,0.8938046972627123
STRÖMSTAD,ÅMÅL,0.8936961428382068
VAASA,LOKSA,0.8936011450591712
LOKSA,KOKKOLA,0.8935838623647129
Bodrum,Rhodes,0.8935624489184902
VENTSPILS,OULU,0.8935164161574758
Eckerö,PRIMORSK,0.8935136604107111
SIMRISHAMN,HALMSTAD,0.8934642730616906
SAINT PETERSBURG,OULU,0.8934084260773023
HANKO/HANGÖ,KARLSHAMN,0.8933069831472965
RONEHAMN,HALMSTAD,0.8932643100548953
Thira,Kalimnos Island,0.893220863665189
OSKARSHAMN,STORUGNS,0.8932090658583112
SKUTSKÄR,KASKINEN,0.8931028071576583
Samsun,Inebolu,0.8930525359162862
Mudanya,Tuapse,0.8928762453651041
HOLMSUND,KLINTEHAMN,0.8928330123603796
Aamshite,El Aabde,0.892800147881188
NAANTALI/NÅDENDAL,OULU,0.8927925040552909
SIMRISHAMN,GRENÅ,0.8927688428286519
VENTSPILS,KASKINEN,0.8924545378239411
HOLMSUND,UST-LUGA,0.8922884439597842
KOVERHAR,UUSIKAUPUNKI/NYSTAD,0.8921313005007492
VISBY,KARLSHAMN,0.89206183129753
MUUGA,SILLAMÄE,0.8919801507072339
TALLIN,SKUTSKÄR,0.8919722775709169
KALAJOKI,ÖREGRUND,0.8919541875061823
VISBY,MUUGA,0.8919313708463441
HARAHOLMEN,SKUTSKÄR,0.8919291292993402
Eckerö,LOKSA,0.8917998822979901
KEMI,KASKINEN,0.8917844179698282
VISBY,TRELLEBORG,0.8917766185033319
Patmos,Gulluk,0.89167975433599
Rhodes,Akdeniz,0.8916715718601137
PRIMORSK,STRÖMSTAD,0.8916082127570973
SKELLEFTEHAMN,KLINTEHAMN,0.8915861410783883
Ain El Mraisse _El Jisr,El Aabde,0.8914964036859878
PIETARSAARI,SKELLEFTEHAMN,0.8914244568230385
Thira,Akdeniz,0.8911273859330535
SAINT PETERSBURG,SÖDERHAMN,0.8910356406522468
SIMRISHAMN,SÖDERHAMN,0.8910277919902282
TROLLHÄTTAN,KRISTINEHAMN,0.8910198359672498
LÅNGNÄS,OULU,0.8909439220032013
RONEHAMN,MARIEHAMN,0.8907719967722294
Novorossiysk,Varna,0.8907432133046883
OULU,ÅHUS,0.890571587249928
ÅHUS,KOKKOLA,0.8903960806033568
VÄSTERVIK,PORI/MÄNTYLUOTO,0.890364272430308
HELSINKI/HELSINGFORS,PALDISKI,0.8903609376560595
RONEHAMN,SKELLEFTEHAMN,0.8902476444220302
HALMSTAD,SAINT PETERSBURG,0.8901900445550762
FREDRIKSHAMN,ÅMÅL,0.8901624035613986
SÖLVESBORG,SAINT PETERSBURG,0.8901527798564408
FREDRIKSHAMN,SILLAMÄE,0.8899568949833908
HELSINKI/HELSINGFORS,VARBERG,0.8898691240423785
HELSINKI/HELSINGFORS,FREDRIKSHAMN,0.8898079194869642
RONEHAMN,TORNIO,0.8897179666353756
Ceyhan,Iskenderun,0.8895281930066422
Lavrion (Laurium),Canakkale,0.8894129429613885
RONEHAMN,GRENÅ,0.8893746732572088
Ashdod,Limassol,0.8892020094444484
Mersin,Patmos,0.8891768401268759
UST-LUGA,SÖDERHAMN,0.8891047710000156
Agio Theodoroi,Lavrion (Laurium),0.8890718308207104
SAINT PETERSBURG,HOLMSUND,0.8889313591140476
Tasucu,Anamur,0.8889199279875063
Mersin,Finike,0.8888361289329556
HALMSTAD,DEGERHAMN,0.8887681591921253
GRISSLEHAMN,KLINTEHAMN,0.8886429113413152
PIETARSAARI,SÖDERHAMN,0.8885529043648228
KEMI,KALAJOKI,0.8885339053506984
TALLIN,SILLAMÄE,0.8884977993608736
OSKARSHAMN,KASKINEN,0.8883643333550532
TROLLHÄTTAN,UDDEVALLA,0.8882938101278419
RONEHAMN,PALDISKI,0.8878796237807058
Eckerö,VÄSTERVIK,0.8878347997086877
HALMSTAD,VENTSPILS,0.8876123531645439
Haifa,Ashkelon,0.8875746109327873
PALDISKI,HUDIKSVALL,0.8875562531262496
KEMI,PALDISKI,0.8875517790349817
Syros (Syra),Samos,0.8874631844475627
Ambarli,Tuapse,0.8874062770980404
RONEHAMN,SÖLVESBORG,0.8872802392528283
SILLAMÄE,SKELLEFTEHAMN,0.8872567180448755
MUUGA,UST-LUGA,0.8872368901064921
KIEL,FREDRIKSHAMN,0.8867327007946758
FALKENBERG,UST-LUGA,0.8866993990675741
SILLAMÄE,KUNDA,0.8866979247233966
VISBY,PIETARSAARI,0.8866621605791164
VAASA,KLINTEHAMN,0.8864759564292795
HALMSTAD,SILLAMÄE,0.88647311612509
SILLAMÄE,KASKINEN,0.8864636808272791
RONEHAMN,VARBERG,0.8863391328308566
HÖNSÄTER,GRUVÖN,0.8863097221683057
MARIEHAMN,PALDISKI,0.8862042302207875
OSKARSHAMN,KOKKOLA,0.8861066472519523
Ashdod,Paphos,0.8860510546181584
HELSINKI/HELSINGFORS,KASKINEN,0.8860192057970434
YSTAD,SKUTSKÄR,0.8859908336787554
Nea Karvali,Thasos,0.8859885612050444
UUSIKAUPUNKI/NYSTAD,ÅHUS,0.8859859907626261
Braila,Ust Dunaysk,0.8858720634027688
RONEHAMN,LULEÅ,0.8858460377004334
TRELLEBORG,LOKSA,0.8857499065965787
DEGERHAMN,KOVERHAR,0.8856202962176025
PRIMORSK,KUNDA,0.8856109975020001
SKÖLDVIK,MARIEHAMN,0.885563004026781
SIMRISHAMN,OULU,0.8853963897520498
SIMRISHAMN,VARBERG,0.8851951185000748
GRISSLEHAMN,UST-LUGA,0.8851871651492471
OSKARSHAMN,TORNIO,0.8851858005165671
KASKINEN,KLINTEHAMN,0.8850931691778756
BÅLSTA,NYNÄSHAMN,0.885087951918724
GRISSLEHAMN,PIETARSAARI,0.8850140878537577
MARIEHAMN,SILLAMÄE,0.8847857805066839
Yali Island,Mersin,0.8847103337674169
RAAHE,KOKKOLA,0.8845047208450293
RAAHE,SKUTSKÄR,0.8844757254376981
FREDRIKSHAMN,Agnesberg,0.8843586894356191
MARIEHAMN,UST-LUGA,0.8840084466604224
SIMRISHAMN,KASKINEN,0.8839703384057479
HARAHOLMEN,SILLAMÄE,0.883859405589157
VÄSTERÅS,Bar,0.8837622607170861
VÄSTERÅS,Zelenika,0.8837622590259896
RONEHAMN,KEMI,0.8837508764176514
FREDRIKSHAMN,SAINT PETERSBURG,0.8837485530149382
OSKARSHAMN,LULEÅ,0.88344231565152
PRIMORSK,GRISSLEHAMN,0.8833971790407916
SÖDERTÄLJE,Bar,0.8833401390021676
SÖDERTÄLJE,Zelenika,0.8833401253712189
TORNIO,SILLAMÄE,0.8830753883688381
GRENÅ,VENTSPILS,0.883039120745164
VENTSPILS,HOLMSUND,0.8830049838568061
KIEL,PALDISKI,0.8829331742702451
VARBERG,SAINT PETERSBURG,0.8828248332827962
LÅNGNÄS,HOLMSUND,0.8827658307021171
KEMI,PIETARSAARI,0.8826647081003278
KIEL,KEMI,0.8824367924624303
ÅHUS,UST-LUGA,0.8822333323625803
GRISSLEHAMN,ÖREGRUND,0.8821171697525878
DEGERHAMN,PIETARSAARI,0.8820459981880983
SKUTSKÄR,SILLAMÄE,0.8819717119307448
Gocek,Gulluk,0.8819190017198749
VAASA,MUUGA,0.8818390568588121
VARBERG,DEGERHAMN,0.8817971289443824
UST-LUGA,KUNDA,0.8817221707608677
RONEHAMN,HARAHOLMEN,0.8815804726515885
KARLSHAMN,OULU,0.881470024856948
LOKSA,KASKINEN,0.8814619663004927
BROFJORDEN,SILLAMÄE,0.8814234271637292
HELSINKI/HELSINGFORS,BROFJORDEN,0.8812260491525885
RONEHAMN,SKUTSKÄR,0.8811819593597445
YSTAD,Eckerö,0.8810902125425684
UST-LUGA,KASKINEN,0.8810167227053485
PIETARSAARI,SILLAMÄE,0.880924854867687
TORNIO,UST-LUGA,0.8808809590280298
PRIMORSK,KOVERHAR,0.8808606527207598
RAUMA,MUUGA,0.8807277580678576
VARBERG,SILLAMÄE,0.8805330117690238
ÖREGRUND,SKELLEFTEHAMN,0.8803973103339584
HELSINGÖR,SKÖLDVIK,0.8803969107434755
Ashdod,Vassiliko,0.8802913070111464
KIEL,KALAJOKI,0.8802770386655067
RONEHAMN,BROFJORDEN,0.8802507126134305
VÄSTERVIK,KASKINEN,0.8801534835893374
GRISSLEHAMN,PALDISKI,0.8800895491974259
MUUGA,UUSIKAUPUNKI/NYSTAD,0.8800866714743827
NYNÄSHAMN,KAPELLSKÄR,0.8797112765849583
Naxos,Rhodes,0.8793123162171774
Dhekelia,Ashdod,0.8792655154394682
OULU,LOKSA,0.8792641062915753
STRÖMSTAD,UST-LUGA,0.8790922573956863
VARBERG,VENTSPILS,0.8790805119102832
VAASA,ÅHUS,0.8789967280516565
KARLSHAMN,UST-LUGA,0.878825059735656
OSKARSHAMN,HUDIKSVALL,0.8785191830650797
OSKARSHAMN,VAASA,0.8785023768514182
KIEL,KÖPENHAMN,0.8784715545481335
KIEL,HELSINGÖR,0.8781998602526861
HELSINKI/HELSINGFORS,SÖDERHAMN,0.8781917140427072
KEMI,HARAHOLMEN,0.8781856623890103
SKÖLDVIK,HOLMSUND,0.8780280416862435
PRIMORSK,ÅMÅL,0.8779992762235754
MUUGA,PORI/MÄNTYLUOTO,0.8776495218915622
NAANTALI/NÅDENDAL,KUNDA,0.8776232288180661
SKÖLDVIK,ÅHUS,0.8774892119791207
TORNIO,LOKSA,0.8774279199294054
DEGERHAMN,KALAJOKI,0.8774219261614462
MARIEHAMN,SAINT PETERSBURG,0.8774147909943865
PRIMORSK,MARIEHAMN,0.8773871217988968
RONEHAMN,FREDRIKSHAMN,0.8773307122850394
Samsun,Cide,0.8772095821448197
BROFJORDEN,SAINT PETERSBURG,0.8771961776483821
Canakkale,Otranto,0.8771559258930075
GRISSLEHAMN,SAINT PETERSBURG,0.877102150927718
Mudanya,Novorossiysk,0.8770341280670371
SILLAMÄE,KLINTEHAMN,0.8769308620654326
HANKO/HANGÖ,GRENÅ,0.8769067934551379
SIMRISHAMN,FREDRIKSHAMN,0.8767414507567998
HELSINKI/HELSINGFORS,TALLIN,0.8767349723720436
BROFJORDEN,LOKSA,0.876531362856862
HARAHOLMEN,SAINT PETERSBURG,0.8762134054379759
HARGSHAMN,GRISSLEHAMN,0.8761813703097564
RAAHE,HARAHOLMEN,0.8760723409939053
Eckerö,PALDISKI,0.8759276303750896
OULU,UST-LUGA,0.8758965615416432
RAAHE,SÖDERHAMN,0.8758484768739179
MUUGA,SKELLEFTEHAMN,0.8758413701822738
PALDISKI,SÖDERHAMN,0.8756714098725576
SKÖLDVIK,SKELLEFTEHAMN,0.8755893571237762
GRENÅ,TALLIN,0.8755036299907811
MALMÖ,SKÖLDVIK,0.8753293982249187
VÄSTERVIK,KLINTEHAMN,0.8752855574603531
MUUGA,SÖDERHAMN,0.8752722950205214
Skiathos,Kymi (Kimi),0.8750925176386553
KIEL,MALMÖ,0.8749466113735956
KOVERHAR,VENTSPILS,0.8749430717363068
KIEL,KÖGE,0.8748068185267032
RONEHAMN,KOVERHAR,0.8746888466566781
DEGERHAMN,BROFJORDEN,0.8745139892967155
KARLSHAMN,KOKKOLA,0.8744706439914061
DEGERHAMN,MUUGA,0.8743326703126153
HÖGANÄS,SKÖLDVIK,0.8742798764966881
SKUTSKÄR,ÖREGRUND,0.874253867112509
HELSINKI/HELSINGFORS,SÖLVESBORG,0.874218085868867
KEMI,LOKSA,0.8742127264543632
OSKARSHAMN,UUSIKAUPUNKI/NYSTAD,0.874113387854754
KARLSHAMN,SKÖLDVIK,0.874094593404277
HANKO/HANGÖ,SKELLEFTEHAMN,0.8739964392143954
KÖPENHAMN,RONEHAMN,0.8739960506431426
RAUMA,Parainen,0.8739126585819839
GRENÅ,DEGERHAMN,0.8738699422961325
HELSINGBORG,SKÖLDVIK,0.8738075563647975
Syros (Syra),Thira,0.8735907681378676
TORNIO,ÖREGRUND,0.8735413701094177
TALLIN,SAINT PETERSBURG,0.8734713789583108
UUSIKAUPUNKI/NYSTAD,NAANTALI/NÅDENDAL,0.8734131973082429
STRÖMSTAD,SKÖLDVIK,0.8732987818409906
BROFJORDEN,KUNDA,0.8731669176655807
LANDSKRONA,SKÖLDVIK,0.8731093205935883
TROLLHÄTTAN,SKOGHALL,0.8728973142204572
GRISSLEHAMN,SILLAMÄE,0.8727534592659375
KARLSHAMN,UUSIKAUPUNKI/NYSTAD,0.8727425777013298
SAINT PETERSBURG,SKELLEFTEHAMN,0.8727326842822856
Gulluk,Kas,0.8726751431532747
Tuzla,Tuapse,0.8725905358236478
PRIMORSK,HOLMSUND,0.8725353122425846
HELSINGÖR,HELSINKI/HELSINGFORS,0.8723872379860389
VÄSTERVIK,SÖDERHAMN,0.8723010663941874
YSTAD,SÖDERHAMN,0.8722746131443117
PRIMORSK,SÖDERHAMN,0.8719474458878027
HANKO/HANGÖ,MUUGA,0.8719335793689561
SIMRISHAMN,HOLMSUND,0.8718232684806876
HALMSTAD,KLINTEHAMN,0.8718034892489598
LÅNGNÄS,KOKKOLA,0.8717328602332892
VAASA,RAAHE,0.8717281717560791
RAAHE,KASKINEN,0.8716260980731446
KÖPENHAMN,HELSINKI/HELSINGFORS,0.8715287808014521
SIMRISHAMN,KÖPENHAMN,0.8715078840827456
KIEL,LANDSKRONA,0.8714664870203361
KÖGE,HELSINKI/HELSINGFORS,0.8713980627786735
LOKSA,SKELLEFTEHAMN,0.8713918810887512
VISBY,KOVERHAR,0.8713895776830706
YSTAD,HANKO/HANGÖ,0.8712819863635695
VISBY,TALLIN,0.8711026280520522
VENTSPILS,PALDISKI,0.8710127855670585
PALDISKI,KASKINEN,0.8710032912811204
KEMI,UST-LUGA,0.8709832139750606
Eckerö,LÅNGNÄS,0.8709512136787316
Derince,Tuapse,0.8708366659012932
TORNIO,SAINT PETERSBURG,0.870831104849497
BROFJORDEN,TALLIN,0.8707517560341239
HELSINKI/HELSINGFORS,OULU,0.8706932790622377
HELSINGÖR,RONEHAMN,0.8703703146900073
SIMRISHAMN,KOVERHAR,0.8703650232528576
SKÖLDVIK,OULU,0.8702855434837545
HARAHOLMEN,LOKSA,0.8702343966251012
SÖLVESBORG,SILLAMÄE,0.8702343653938576
GRENÅ,ÅMÅL,0.8702212374305668
LOKSA,SÖDERHAMN,0.8701863665079052
KIEL,HELSINGBORG,0.8701346185247331
KÖGE,RONEHAMN,0.8699501218673323
Kalimnos Island,Anamur,0.8699318791781132
KÖGE,SKÖLDVIK,0.869838981001849
KIEL,KOVERHAR,0.8698377582274398
SIMRISHAMN,KÖGE,0.8697596799345093
RAAHE,OULU,0.8696992067933049
NYNÄSHAMN,Bar,0.8696745711454942
NYNÄSHAMN,Zelenika,0.8696745507017858
KÖPENHAMN,SKÖLDVIK,0.8696632152262148
HALMSTAD,LOKSA,0.8696280956268972
KOVERHAR,KUNDA,0.8694622658359944
HELSINGÖR,SILLAMÄE,0.8693974158754246
MARIESTAD,LIDKÖPING,0.8693567486620533
SÖLVESBORG,DEGERHAMN,0.8693317250839839
YSTAD,VAASA,0.8693162482218836
RAAHE,TORNIO,0.8692999378256059
HARGSHAMN,HOLMSUND,0.8692915104519622
PRIMORSK,LULEÅ,0.8692424170798754
DEGERHAMN,TALLIN,0.8691858388077258
PALDISKI,KALAJOKI,0.868975932296263
KOVERHAR,UST-LUGA,0.8688972437872367
UST-LUGA,ÅMÅL,0.8685661471792849
STORUGNS,KEMI,0.8685250465253722
VARBERG,KLINTEHAMN,0.8684083855968467
PALDISKI,HOLMSUND,0.8683952961083373
PALDISKI,OULU,0.8683300441926293
SIMRISHAMN,PALDISKI,0.8682416860390861
VENTSPILS,TORNIO,0.8680795159972643
KEMI,VENTSPILS,0.8680588663640726
TRELLEBORG,TALLIN,0.8680188260555997
KÖPENHAMN,SILLAMÄE,0.8680185413353609
LULEÅ,UST-LUGA,0.8680068128089324
GRENÅ,Agnesberg,0.8679652952490724
Kos,Anamur,0.8678149489921141
KIEL,HÖGANÄS,0.8677555354937494
PRIMORSK,KASKINEN,0.8676141834616948
MALMÖ,HELSINKI/HELSINGFORS,0.8675319724317896
HELSINKI/HELSINGFORS,HOLMSUND,0.867526292189933
KEMI,SAINT PETERSBURG,0.8675000785923208
FREDRIKSHAMN,VENTSPILS,0.8674973020962305
OSKARSHAMN,HOLMSUND,0.8673973367030156
PALDISKI,KOKKOLA,0.8673861100479375
MUUGA,SAINT PETERSBURG,0.8673387001810124
SIMRISHAMN,HELSINGÖR,0.8671637716294945
LÅNGNÄS,UUSIKAUPUNKI/NYSTAD,0.8670064337529872
SAINT PETERSBURG,LULEÅ,0.866982651057602
Gocek,Anamur,0.8669128385900425
FREDRIKSHAMN,TALLIN,0.8669030285578486
KIEL,PIETARSAARI,0.8668652815700921
HARAHOLMEN,UST-LUGA,0.8668345086910946
VISBY,OSKARSHAMN,0.8668273506665028
FALKENBERG,VYSOTSKI,0.8667894596090764
SIMRISHAMN,BROFJORDEN,0.8663870909166215
TRELLEBORG,PORI/MÄNTYLUOTO,0.8661362688223523
MUUGA,HUDIKSVALL,0.8658592077974393
HOLMSUND,ÖREGRUND,0.8658528037632399
STRÖMSTAD,VYSOTSKI,0.8658447529815588
Amorgos,Kos,0.8658358205562385
Marmaris,Gulluk,0.8657536773946306
YSTAD,TALLIN,0.865737520137427
LANDSKRONA,HELSINKI/HELSINGFORS,0.8657147205832936
SIMRISHAMN,KEMI,0.8656972054746577
VENTSPILS,HARAHOLMEN,0.8656464326580177
GRISSLEHAMN,VENTSPILS,0.8656213508320895
SILLAMÄE,SÖDERHAMN,0.8656208544039115
MALMÖ,RONEHAMN,0.8656127049948877
KEMI,RAAHE,0.8655483032805836
HARAHOLMEN,KLINTEHAMN,0.8653045016751381
PALDISKI,HARAHOLMEN,0.865130024208912
VARBERG,LOKSA,0.8650871837234806
HANKO/HANGÖ,GRISSLEHAMN,0.8650705714806062
SKUTSKÄR,SAINT PETERSBURG,0.8650352267974657
HANKO/HANGÖ,LÅNGNÄS,0.8649958689636368
OXELÖSUND,HÄRNÖSAND,0.8649103543537096
YSTAD,SKELLEFTEHAMN,0.8647103565190762
VÄSTERVIK,KOVERHAR,0.8644881748176533
MARIEHAMN,LOKSA,0.8644328455037059
PIETARSAARI,ÅHUS,0.8643842179565532
HELSINGBORG,HELSINKI/HELSINGFORS,0.8643641554479916
TAALINTEHDAS,KASKINEN,0.8642577530821268
Naxos,Patmos,0.8642171877882443
MARIEHAMN,VENTSPILS,0.8641649293299214
BROFJORDEN,VENTSPILS,0.8641103029818427
KÖPENHAMN,DEGERHAMN,0.864064098044173
Amorgos,Akdeniz,0.8638989027421141
KARLSHAMN,VAASA,0.8638697594466459
TAALINTEHDAS,LÅNGNÄS,0.8635938746678886
RONEHAMN,TALLIN,0.8635631367692355
KÖPENHAMN,SAINT PETERSBURG,0.8634578807454742
HELSINGÖR,SAINT PETERSBURG,0.8634200744515417
STORUGNS,VÄSTERVIK,0.8633283885059144
HANKO/HANGÖ,SÖLVESBORG,0.8632400066467688
FREDRIKSHAMN,DEGERHAMN,0.8632086577163426
SIMRISHAMN,LANDSKRONA,0.8630661992946116
LANDSKRONA,RONEHAMN,0.8628071212220284
NAANTALI/NÅDENDAL,LOKSA,0.862631574650641
HELSINKI/HELSINGFORS,GRISSLEHAMN,0.8625867250043783
KÖGE,SILLAMÄE,0.8625197115474268
SIMRISHAMN,MALMÖ,0.8624711132815105
Ashdod,Akrotiri,0.8623846138739871
VENTSPILS,LULEÅ,0.862278842107039
TALLIN,KUNDA,0.8622285361870653
RAUMA,RAAHE,0.8621846193569267
HOLMSUND,LOKSA,0.8621253054684197
SKÖLDVIK,PALDISKI,0.8620741919996427
RAUMA,ÅHUS,0.8620222495381012
KÖGE,DEGERHAMN,0.8619754583154242
HARGSHAMN,MARIEHAMN,0.8619740185307585
RONEHAMN,PIETARSAARI,0.8619617696460119
VARBERG,KUNDA,0.8618586121141226
VISBY,HALMSTAD,0.8618256379200909
TRELLEBORG,SKUTSKÄR,0.8618161855222211
MALMÖ,SILLAMÄE,0.8618144111918546
HALMSTAD,KUNDA,0.8617449989570064
RONEHAMN,MUUGA,0.8616787613385356
KÖGE,SAINT PETERSBURG,0.8616096226731906
Agnesberg,STRÖMSTAD,0.8615641251443532
HANKO/HANGÖ,KLINTEHAMN,0.8614754810955878
YSTAD,STRÖMSTAD,0.8614632805432234
VISBY,BROFJORDEN,0.8612023530582336
PIETARSAARI,KALAJOKI,0.8611457675616085
MARIEHAMN,ÖREGRUND,0.8611317682037793
TAALINTEHDAS,HARAHOLMEN,0.8610855439022554
HELSINGÖR,DEGERHAMN,0.861075066160071
STOCKHOLM,Bar,0.8610676989996915
STOCKHOLM,Zelenika,0.8610676972768654
TRELLEBORG,OXELÖSUND,0.8609865822371383
SIMRISHAMN,TORNIO,0.8609495068285444
RAUMA,OSKARSHAMN,0.8608219938432872
HARGSHAMN,OULU,0.8608033707336156
VISBY,STORUGNS,0.8607866797105825
Erdek,Novorossiysk,0.8607782879234596
KÖPENHAMN,VENTSPILS,0.8607581284166868
RAAHE,UUSIKAUPUNKI/NYSTAD,0.8607031748151747
YSTAD,LULEÅ,0.8606969310693257
HELSINGBORG,RONEHAMN,0.8606533350935744
Ambarli,Varna,0.860651148640457
HARGSHAMN,SKELLEFTEHAMN,0.8604404715313556
HALMSTAD,HUDIKSVALL,0.8604202600133709
Mersin,Latchi,0.8603908154520102
HELSINKI/HELSINGFORS,MARIEHAMN,0.8603513450789392
KIEL,SÖLVESBORG,0.8603086566665228
GRISSLEHAMN,SKÖLDVIK,0.8598912417670895
MALMÖ,DEGERHAMN,0.8597619078086661
TAALINTEHDAS,KUNDA,0.8596707650762649
Syros (Syra),Patmos,0.8596400988474433
MUUGA,MARIEHAMN,0.8595989650009428
Itea,Otranto,0.8595637634122142
Tuapse,Burgas,0.8595328641129407
SÖLVESBORG,HUDIKSVALL,0.8595158838496816
PIETARSAARI,SKÖLDVIK,0.8594608235393495
Ashdod,Hadera,0.8593500649545409
HELSINKI/HELSINGFORS,LULEÅ,0.8592229687248666
YSTAD,RAUMA,0.8591653172421493
SIMRISHAMN,HELSINGBORG,0.8591374459659464
HELSINKI/HELSINGFORS,MUUGA,0.859134026158625
PRIMORSK,TORNIO,0.8591322360211042
HELSINKI/HELSINGFORS,HÖGANÄS,0.8590093740879148
KÖGE,VENTSPILS,0.8589613309790795
OSKARSHAMN,HARAHOLMEN,0.858956580452437
VENTSPILS,SKELLEFTEHAMN,0.858935718837198
HARGSHAMN,TORNIO,0.8588671389215531
VÄSTERVIK,HOLMSUND,0.8588663589057817
PIETARSAARI,VENTSPILS,0.8587772841097308
OSKARSHAMN,GRISSLEHAMN,0.8586203786009834
Limni,Varna,0.8585264192390103
BROFJORDEN,KLINTEHAMN,0.8585224590906788
PIETARSAARI,LOKSA,0.8582842331877825
YSTAD,GRISSLEHAMN,0.8582524413266901
KEMI,SILLAMÄE,0.8581318351276549
Parainen,OULU,0.8581301723195992
MALMÖ,SAINT PETERSBURG,0.8581136442070763
HÖGANÄS,SILLAMÄE,0.8580345699002206
Eckerö,MUUGA,0.8577656176390717
HANKO/HANGÖ,FREDRIKSHAMN,0.8577289958275617
HELSINKI/HELSINGFORS,HARAHOLMEN,0.8577128845913367
SKÖLDVIK,NAANTALI/NÅDENDAL,0.8576811783874744
HELSINKI/HELSINGFORS,SKELLEFTEHAMN,0.8576393797865459
MUUGA,OULU,0.8574362254692725
KARLSHAMN,PIETARSAARI,0.8574118460780362
GRISSLEHAMN,MUUGA,0.8573895908662736
Eckerö,NAANTALI/NÅDENDAL,0.857170215487577
HELSINGÖR,VENTSPILS,0.8571377856938259
SIMRISHAMN,GRISSLEHAMN,0.857016878553224
MALMÖ,KLINTEHAMN,0.8569992581311564
Sariyer,Burgas,0.8569502912543464
SIMRISHAMN,HARAHOLMEN,0.8567984964885589
SIMRISHAMN,SKUTSKÄR,0.8567789802831308
Tuzla,Novorossiysk,0.8566361696255957
RONEHAMN,HÖGANÄS,0.8563306899430835
VENTSPILS,SKUTSKÄR,0.8563035838659567
RONEHAMN,KALAJOKI,0.856231027019807
HELSINGBORG,SILLAMÄE,0.8559208717510214
Eckerö,ÅHUS,0.8558982546518601
VISBY,VARBERG,0.8558876102973022
KOVERHAR,KOKKOLA,0.8557601628213153
KÖPENHAMN,KLINTEHAMN,0.8556882159566007
VAASA,KOVERHAR,0.8556347637065054
LANDSKRONA,DEGERHAMN,0.8556105980820043
LANDSKRONA,SAINT PETERSBURG,0.8554442765239136
KÖPING,Zelenika,0.8554397368468879
KÖPING,Bar,0.8554397345041576
NORRKÖPING,HÄRNÖSAND,0.8553427380732175
HANKO/HANGÖ,TORNIO,0.8551657627587619
SIMRISHAMN,PIETARSAARI,0.8550195017104645
PIETARSAARI,SAINT PETERSBURG,0.854997250006437
RAAHE,PORI/MÄNTYLUOTO,0.8549896451800458
VÄSTERVIK,PIETARSAARI,0.8549139478523671
KARLSHAMN,LOKSA,0.854836239894506
LANDSKRONA,SILLAMÄE,0.854831021508993
KIEL,TALLIN,0.8547810530532912
LULEÅ,ÖREGRUND,0.8547279870758067
PIETARSAARI,SKUTSKÄR,0.8546394600241076
KIEL,MUUGA,0.8546337212257776
MARIEHAMN,KOVERHAR,0.8545566971340602
KÖGE,KLINTEHAMN,0.8543978682879859
SIMRISHAMN,TALLIN,0.8542384595344522
KOVERHAR,PORI/MÄNTYLUOTO,0.8540771063345444
HELSINGBORG,SAINT PETERSBURG,0.854065389461235
HELSINGÖR,KLINTEHAMN,0.8539989228862214
ÅHUS,PORI/MÄNTYLUOTO,0.8539309402622329
VARBERG,HUDIKSVALL,0.8538894290652659
SÖDERHAMN,KLINTEHAMN,0.8538703708058784
PALDISKI,LULEÅ,0.8536704300783231
Eckerö,ÖREGRUND,0.8535776721335983
PRIMORSK,KEMI,0.8535646864791628
LANDSKRONA,VENTSPILS,0.8535431853069391
KÖPENHAMN,HUDIKSVALL,0.8534292325005844
HELSINGBORG,DEGERHAMN,0.8531898421576378
HELSINKI/HELSINGFORS,SKUTSKÄR,0.8531774684929423
MALMÖ,VENTSPILS,0.8531163067166894
OULU,ÖREGRUND,0.853068135148258
HELSINKI/HELSINGFORS,KEMI,0.853015403385214
Rhodes,Gulluk,0.8529821374260066
LANDSKRONA,KLINTEHAMN,0.8529348970048717
OSKARSHAMN,DEGERHAMN,0.8529191965400796
Latchi,Ordu,0.8528425585202576
Latchi,Giresun,0.8528425585202576
MARIEHAMN,NAANTALI/NÅDENDAL,0.8527671894538961
SIMRISHAMN,HÖGANÄS,0.852526134350835
MALMÖ,OXELÖSUND,0.8522156496878299
SIMRISHAMN,SKELLEFTEHAMN,0.8521130989922123
Kos,Mersin,0.8520791430783552
SÖLVESBORG,OULU,0.8518112767323924
Skiathos,Varna,0.8517983836387373
Sariyer,Gulluk,0.851629302027778
SÖDERHAMN,ÖREGRUND,0.851612284676649
SIMRISHAMN,MARIEHAMN,0.8515596640865217
PRIMORSK,HARAHOLMEN,0.851476264877146
KOVERHAR,OULU,0.8514738082155616
Finike,Gulluk,0.8514079458690884
MUUGA,KOVERHAR,0.8512883453303307
STORUGNS,DEGERHAMN,0.8512489193531669
GRISSLEHAMN,LOKSA,0.8512231584242779
Hadera,Ashkelon,0.8511426946611722
Anamur,Akdeniz,0.8511214064991843
SIMRISHAMN,LULEÅ,0.850831137057771
HELSINGBORG,KLINTEHAMN,0.8505932001706007
Naxos,Mersin,0.8505137443541757
NAANTALI/NÅDENDAL,KOKKOLA,0.8502830091668523
YSTAD,HOLMSUND,0.8502634183062024
VISBY,SÖLVESBORG,0.8501809828518039
MUUGA,KALAJOKI,0.8500871066639519
KALAJOKI,KLINTEHAMN,0.8500248365792022
HÖGANÄS,SAINT PETERSBURG,0.849920630915458
Bodrum,Amorgos,0.8498912814014058
BROFJORDEN,VYSOTSKI,0.8498218615115968
ÅHUS,LOKSA,0.8497323790000928
LANDSKRONA,OXELÖSUND,0.849557708343104
HELSINGBORG,VENTSPILS,0.8493570921155426
Mersin,Akdeniz,0.8493022530126177
TRELLEBORG,UUSIKAUPUNKI/NYSTAD,0.8492827145391597
VAASA,LÅNGNÄS,0.8492079590248369
TALLIN,VENTSPILS,0.8491026698824564
KÖGE,HUDIKSVALL,0.8489108274518462
FREDRIKSHAMN,VYSOTSKI,0.8489055573147068
VÄSTERVIK,HARAHOLMEN,0.8489020852981706
HÖGANÄS,DEGERHAMN,0.848895925775062
VISBY,GRENÅ,0.8488286279254817
KALAJOKI,UST-LUGA,0.8488152205450132
PALDISKI,KUNDA,0.848744014568593
RAUMA,KARLSHAMN,0.8485918544812272
HARGSHAMN,HARAHOLMEN,0.8485254661975136
VÄSTERVIK,TORNIO,0.8483555974104662
HUSUM,RAAHE,0.8483414074361949
Naxos,Samos,0.8483405982826085
HELSINGBORG,OXELÖSUND,0.8483401775679436
MUUGA,HOLMSUND,0.8482811453015813
FALKENBERG,SKÖLDVIK,0.848151898801674
Ambarli,Gulluk,0.8480598315416079
SAINT PETERSBURG,KUNDA,0.8479494099499407
STRÖMSTAD,LOKSA,0.8478490402395205
HÄRNÖSAND,KLINTEHAMN,0.8478195492403613
HELSINGÖR,TALLIN,0.847755346229784
Mersin,Gocek,0.8477272259720299
HELSINKI/HELSINGFORS,TORNIO,0.8477067117880078
HANKO/HANGÖ,TALLIN,0.8476927514346135
TRELLEBORG,KOKKOLA,0.8475723147931364
PRIMORSK,KALAJOKI,0.8475672468023951
KIEL,FALKENBERG,0.8475100115370624
HELSINGÖR,LOKSA,0.8470016736968065
PRIMORSK,OULU,0.8469494004557291
KÖGE,OXELÖSUND,0.8467708209925434
SIMRISHAMN,KUNDA,0.8467162315209859
SILLAMÄE,KALAJOKI,0.8465711310098876
YSTAD,ÅHUS,0.8464447055022886
GRENÅ,VYSOTSKI,0.8462789647676083
Burgas,Novorossiysk,0.8462055489044761
BROFJORDEN,HUDIKSVALL,0.846061615346046
HALMSTAD,TALLIN,0.8459841499713542
KÖPENHAMN,TALLIN,0.8458918127807505
HARGSHAMN,VAASA,0.8458878584432369
BROFJORDEN,PORI/MÄNTYLUOTO,0.8458275065500482
NORRSUNDET,SKELLEFTEHAMN,0.8458127810940145
PIETARSAARI,RAAHE,0.8458007856672639
VARBERG,TALLIN,0.8457122433069939
PIETARSAARI,TAALINTEHDAS,0.8457111396087414
Naxos,Yali Island,0.8456925142163364
HELSINKI/HELSINGFORS,KUNDA,0.8456846207902865
El Dekheila,UDDEVALLA,0.8456339928434246
STORUGNS,HUDIKSVALL,0.8453336168146304
SKÖLDVIK,SKUTSKÄR,0.8452998554613775
MUUGA,VENTSPILS,0.8451117700433183
HÖGANÄS,VYSOTSKI,0.8450199665774935
RAUMA,TAALINTEHDAS,0.8449552887362382
HÖNSÄTER,OTTERBÄCKEN,0.8449333923978324
MALMÖ,HUDIKSVALL,0.8448634807207009
YSTAD,KEMI,0.8447030275761912
HÖGANÄS,KLINTEHAMN,0.8445845883910568
SIMRISHAMN,MUUGA,0.8444689655164954
HELSINGÖR,OXELÖSUND,0.8444688712884183
HELSINGÖR,HUDIKSVALL,0.8444518495030362
YSTAD,PALDISKI,0.8443434583029272
PIETARSAARI,KOVERHAR,0.8443057689110917
TALLIN,HUDIKSVALL,0.8442425689981551
OSKARSHAMN,RAAHE,0.8441248651196267
KEMI,ÖREGRUND,0.8441011690853837
Bartin,Mariupol,0.843769344498466
Bodrum,Anamur,0.8436600942568041
KÖPENHAMN,LOKSA,0.8436111925894855
NAANTALI/NÅDENDAL,SILLAMÄE,0.8435532757502572
Eckerö,KARLSHAMN,0.8435494112702494
KOVERHAR,HUDIKSVALL,0.8434323066567952
KEMI,VÄSTERVIK,0.8432627052290292
Ambarli,Burgas,0.8432554380264764
TAALINTEHDAS,LOKSA,0.8431618326810753
Agnesberg,VARBERG,0.8429403735860619
TALLIN,SKÖLDVIK,0.8429163783043611
PIETARSAARI,LULEÅ,0.8428059983370332
VAASA,NAANTALI/NÅDENDAL,0.8427292302402102
HÖGANÄS,VENTSPILS,0.8427013639836761
Mersin,Kalimnos Island,0.8425897890818295
TRELLEBORG,SKELLEFTEHAMN,0.8425521837820135
STORUGNS,VENTSPILS,0.8424914732827123
KÖPENHAMN,OXELÖSUND,0.8423924603814851
SKÖLDVIK,LULEÅ,0.8423269267035249
Derince,Novorossiysk,0.8420918615956958
HÖGANÄS,TALLIN,0.8420827346235058
SKUTSKÄR,KLINTEHAMN,0.8420152074983077
Agnesberg,FALKENBERG,0.8419473646416509
ÅHUS,KASKINEN,0.841805218637127
Naxos,Anamur,0.841796436880449
ÖRNSKÖLDSVIK,FALKENBERG,0.8417911852443398
SKÖLDVIK,SÖDERHAMN,0.8417826680044378
YSTAD,OXELÖSUND,0.8412105896467001
YSTAD,KARLSHAMN,0.8410904728017458
TALLIN,STRÖMSTAD,0.8410507682604028
MUUGA,KOKKOLA,0.8409576901160748
SIMRISHAMN,STORUGNS,0.8408319887098233
HUSUM,HOLMSUND,0.8407886812167717
SÖLVESBORG,PIETARSAARI,0.8407432926000776
HANKO/HANGÖ,SÖDERHAMN,0.8403982539163133
KÖPENHAMN,VISBY,0.8402077779820442
HÖGANÄS,OXELÖSUND,0.8399468284766083
PIETARSAARI,UST-LUGA,0.8399157759248495
TALLIN,PORI/MÄNTYLUOTO,0.8399112364736929
KEMI,TALLIN,0.8398939480052345
OSKARSHAMN,SKUTSKÄR,0.8398688875307854
Kos,Thira,0.839867644235968
Tel Aviv,Limassol,0.8398432789469893
Syros (Syra),Rhodes,0.839822753342583
HARAHOLMEN,ÖREGRUND,0.839746166054055
Eckerö,KOVERHAR,0.8396397130739455
Ain El Mraisse _El Jisr,Cheikh Zennad,0.839622315236615
BÅLSTA,Zelenika,0.8394353727859123
BÅLSTA,Bar,0.8394353699676557
Sariyer,Varna,0.839408020446772
MUUGA,KASKINEN,0.8393424063021406
VISBY,FREDRIKSHAMN,0.839258589403669
Eckerö,HARGSHAMN,0.8392018073223093
Patmos,Akdeniz,0.8389031071644254
HUSUM,KOKKOLA,0.838798230164729
ÖRNSKÖLDSVIK,TRELLEBORG,0.8387744261368668
Amasra,Mariupol,0.8387398355752127
OXELÖSUND,ÅMÅL,0.8386363464741984
VARBERG,OXELÖSUND,0.8385894983827415
HELSINGBORG,VYSOTSKI,0.8385787094140577
MALMÖ,TALLIN,0.8384911773076896
Gelibolu,Tekirdag,0.8383511991269498
Eregli,Mariupol,0.8382821379906805
HÖGANÄS,LOKSA,0.8382691483151162
KÖGE,TALLIN,0.838259989694117
HALMSTAD,OXELÖSUND,0.8381275614776716
VAASA,ÖREGRUND,0.8380703236259471
KÖGE,LOKSA,0.837738582095978
Agnesberg,HALMSTAD,0.8377324831071143
HELSINKI/HELSINGFORS,STORUGNS,0.8374411864953527
MALMÖ,LOKSA,0.8374242560931561
SÖLVESBORG,UST-LUGA,0.8373493855795505
Aamshite,Cheikh Zennad,0.8373489716482003
DEGERHAMN,KUNDA,0.8373096880772283
ÖRNSKÖLDSVIK,HALMSTAD,0.8372737990674529
STORUGNS,LULEÅ,0.8372161709695943
HARGSHAMN,LULEÅ,0.837207859817393
TRELLEBORG,KUNDA,0.8371392715653899
KÖPENHAMN,SKUTSKÄR,0.8371070087944851
LÖDÖSE,Agnesberg,0.8371015088049664
MUUGA,HARAHOLMEN,0.8366390870352939
MUUGA,KUNDA,0.8366017580710314
Haifa,Vassiliko,0.8365625048889425
TORNIO,ÅHUS,0.8364938412972087
Haifa,Paphos,0.8364817045422561
ÖRNSKÖLDSVIK,KLINTEHAMN,0.8363394623360751
LANDSKRONA,HUDIKSVALL,0.8362382445523563
HELSINGÖR,VYSOTSKI,0.8362019503701067
HOLMSUND,ÅHUS,0.8360800686705803
HELSINGBORG,TALLIN,0.8360590302421674
Beykoz,Gulluk,0.8359205291619676
HANKO/HANGÖ,KALAJOKI,0.8357758375751172
Syros (Syra),Mersin,0.8357752012397506
TALLIN,UUSIKAUPUNKI/NYSTAD,0.8357103338535836
YSTAD,TORNIO,0.8356226729200454
LULEÅ,SILLAMÄE,0.8355007514985071
HELSINGÖR,VISBY,0.8354785394836871
HANKO/HANGÖ,SKUTSKÄR,0.8352546195977796
SÖLVESBORG,KOKKOLA,0.8352446623028772
ÖRNSKÖLDSVIK,VARBERG,0.8352144041105072
KARLSHAMN,PORI/MÄNTYLUOTO,0.8351921646948754
KÖGE,VISBY,0.835074141047537
VARBERG,VYSOTSKI,0.8349210225523493
FALKENBERG,OXELÖSUND,0.8346960961984227
Parainen,UUSIKAUPUNKI/NYSTAD,0.8346077536217235
KIEL,KUNDA,0.8344847463720804
LÖDÖSE,HÖNSÄTER,0.8344031741110737
HELSINGBORG,HUDIKSVALL,0.8343591027859684
OSKARSHAMN,VÄSTERVIK,0.8342927207053003
SAINT PETERSBURG,KALAJOKI,0.8342695712424841
HELSINGBORG,LOKSA,0.8341396171132675
OSKARSHAMN,MARIEHAMN,0.834131973591147
TALLIN,SKELLEFTEHAMN,0.8341131458997595
VENTSPILS,KUNDA,0.8340281901925765
PRIMORSK,ÅHUS,0.8338543944127271
MALMÖ,VISBY,0.8338174135116779
BROFJORDEN,SKELLEFTEHAMN,0.8338099143110018
ÖRNSKÖLDSVIK,BROFJORDEN,0.8338052415210551
STORUGNS,SAINT PETERSBURG,0.8337592787036544
Bodrum,Mersin,0.8336760216892519
KAPELLSKÄR,Bar,0.8334681733322655
KAPELLSKÄR,Zelenika,0.833468172185421
RAAHE,HUDIKSVALL,0.8334419324443504
ÅHUS,SÖDERHAMN,0.8333833944731445
Buyukcekmece,Gulluk,0.8333284147463174
LÅNGNÄS,SKELLEFTEHAMN,0.8329527931857216
HELSINKI/HELSINGFORS,FALKENBERG,0.8326852433586841
NORRSUNDET,KEMI,0.8324311760485036
Syros (Syra),Anamur,0.83241561786508
LANDSKRONA,LOKSA,0.8323721136434925
NAANTALI/NÅDENDAL,HOLMSUND,0.8321946897312437
KOVERHAR,LÅNGNÄS,0.8321384314060177
VÄSTERVIK,MARIEHAMN,0.8320372248618548
NORRSUNDET,LULEÅ,0.8320260468294485
SÖLVESBORG,SKÖLDVIK,0.8320178573456599
Tel Aviv,Paphos,0.8319192833235574
OULU,KLINTEHAMN,0.831919115340572
LANDSKRONA,TALLIN,0.8318319119206936
RONEHAMN,STORUGNS,0.8318288508883281
TALLIN,KOVERHAR,0.8317877350321742
SÖLVESBORG,UUSIKAUPUNKI/NYSTAD,0.8317268338126379
MALMÖ,VYSOTSKI,0.8316538386218427
BROFJORDEN,SKUTSKÄR,0.8315238237253412
Tel Aviv,Vassiliko,0.8314357847278927
HALMSTAD,PORI/MÄNTYLUOTO,0.831384686074941
MALMÖ,SKUTSKÄR,0.8313460705919163
RONEHAMN,KUNDA,0.8312605810221201
HUSUM,KLINTEHAMN,0.8311651257964532
Fethiye,Anamur,0.8311283154068579
KARLSHAMN,KASKINEN,0.8310654987694519
Parainen,KUNDA,0.8309072771376401
HÖGANÄS,HUDIKSVALL,0.83080350956477
GRENÅ,HUDIKSVALL,0.8307337458160209
PRIMORSK,KARLSHAMN,0.8306157346234369
HALMSTAD,VYSOTSKI,0.8306060311519811
Limassol,Ashkelon,0.8301077873620796
KÖGE,SKUTSKÄR,0.829859069732266
RONEHAMN,FALKENBERG,0.8297250550670239
HELSINKI/HELSINGFORS,STRÖMSTAD,0.829641799764242
Buyukcekmece,Burgas,0.8292758787001699
HELSINKI/HELSINGFORS,PIETARSAARI,0.8291080869020948
YSTAD,MARIEHAMN,0.8288096695986622
KIEL,OSKARSHAMN,0.8287359378104959
TALLIN,TORNIO,0.828734460640898
BROFJORDEN,UUSIKAUPUNKI/NYSTAD,0.8285859773136711
HALMSTAD,SKUTSKÄR,0.8284374600313054
Lavrion (Laurium),Otranto,0.8284291403877151
FALKENBERG,KLINTEHAMN,0.8283246214624154
MARIESTAD,HÖNSÄTER,0.8281624921411643
BROFJORDEN,PALDISKI,0.828096632990465
VÄSTERVIK,GRISSLEHAMN,0.828071302013808
TRELLEBORG,NORRKÖPING,0.8279675660562236
GRENÅ,PALDISKI,0.8279116524269386
Otranto,Karabiga,0.8278728699387435
NORRSUNDET,SÖDERHAMN,0.8278210231105515
VARBERG,PORI/MÄNTYLUOTO,0.8277895113881901
OXELÖSUND,SKÖLDVIK,0.8277155609481718
KARLSHAMN,TORNIO,0.8276348416952521
HELSINGÖR,SKUTSKÄR,0.8276183510244416
HUSUM,LULEÅ,0.8275200286704543
HANKO/HANGÖ,TRELLEBORG,0.8273134446532101
VARBERG,SKUTSKÄR,0.8273022506628028
OSKARSHAMN,SKELLEFTEHAMN,0.8272828560775571
Tasucu,Kas,0.8272516085231854
KARLSHAMN,SÖDERHAMN,0.8270507756743273
PRIMORSK,Agnesberg,0.8268843488972809
HANKO/HANGÖ,KEMI,0.8268472021550415
Tuapse,Erdek,0.8268461999505646
LANDSKRONA,VISBY,0.8268191986034376
Anamur,Latchi,0.8267673879829958
MUUGA,LULEÅ,0.8266550240396933
HÖGANÄS,KUNDA,0.8266474704814354
KIEL,STRÖMSTAD,0.8265994677994694
OSKARSHAMN,VENTSPILS,0.8265617094978593
KIEL,HUSUM,0.8265329261354419
Kymi (Kimi),Limni,0.8264901139287593
MALMÖ,NORRKÖPING,0.8263903844385597
HANKO/HANGÖ,BROFJORDEN,0.8262308571675262
NORRSUNDET,RAAHE,0.8262009476997639
LOKSA,KLINTEHAMN,0.8261197568937647
VÄSTERVIK,LULEÅ,0.825966832686133
OSKARSHAMN,PORI/MÄNTYLUOTO,0.8259480726480879
LANDSKRONA,VYSOTSKI,0.825886436990294
HELSINGBORG,VISBY,0.8256387509510142
HUSUM,HUDIKSVALL,0.8255632574518168
Achladi,Varna,0.8254715934983771
Parainen,SKÖLDVIK,0.8254031264393972
Vassiliko,Ashkelon,0.825355253139239
FREDRIKSHAMN,KLINTEHAMN,0.8251244278781249
Alexandria,UDDEVALLA,0.8250225506024497
UDDEVALLA,Sidi Kerir,0.8249552897056204
STRÖMSTAD,SILLAMÄE,0.8248909643463295
VENTSPILS,KARLSKRONA,0.8248050534892154
HUSUM,MARIEHAMN,0.8247737694713796
Beykoz,Burgas,0.8246635380952034
MUUGA,SKÖLDVIK,0.8242307027490633
SIMRISHAMN,KARLSKRONA,0.8241912448466365
OSKARSHAMN,SLITE,0.8240939408659501
RAUMA,KUNDA,0.8240730694646494
RAUMA,TALLIN,0.8239832805886319
FREDRIKSHAMN,HUDIKSVALL,0.8239622817489708
LÅNGNÄS,PORI/MÄNTYLUOTO,0.8236222961246054
HARGSHAMN,PIETARSAARI,0.8235844627079195
HARGSHAMN,SÖDERHAMN,0.8235502559334592
SIMRISHAMN,OSKARSHAMN,0.8235312964915689
VISBY,HÖGANÄS,0.8234183173478663
Agnesberg,UST-LUGA,0.823283487004027
VISBY,HUSUM,0.8232438952511895
KIEL,ÅMÅL,0.8230866649311792
LANDSKRONA,NORRKÖPING,0.8230357606206865
HELSINGÖR,KUNDA,0.8230316505013924
YSTAD,MUUGA,0.8230299450641478
TRELLEBORG,PALDISKI,0.8229842701421436
Maltepe,Burgas,0.822956837883947
TALLIN,SÖDERHAMN,0.8229342637635341
HÖGANÄS,SKUTSKÄR,0.8229153190558729
HELSINGBORG,NORRKÖPING,0.8227727953977595
SKÖLDVIK,TORNIO,0.8226350789542453
HARGSHAMN,KASKINEN,0.8224763066420713
RAUMA,HARGSHAMN,0.8224353883713706
FALKENBERG,SAINT PETERSBURG,0.8223446794816487
KIEL,OXELÖSUND,0.822275494181919
LANDSKRONA,ÖRNSKÖLDSVIK,0.8222681227346098
VÄSTERVIK,PALDISKI,0.8222575665825018
RONEHAMN,OSKARSHAMN,0.8222289750304903
TRELLEBORG,VYSOTSKI,0.8221995372598461
KOVERHAR,HOLMSUND,0.8220892542134901
LÖDÖSE,KRISTINEHAMN,0.8219428219213067
DEGERHAMN,NAANTALI/NÅDENDAL,0.8219208184667309
KEMI,KLINTEHAMN,0.8217913231227175
SÖLVESBORG,VAASA,0.8217441058756103
UUSIKAUPUNKI/NYSTAD,KUNDA,0.8215450508405181
KIEL,STORUGNS,0.8214276956560265
Patmos,Samos,0.8211934985632526
VISBY,RAAHE,0.8211592809730139
Abu Qir,UDDEVALLA,0.8211224388257379
HALMSTAD,UUSIKAUPUNKI/NYSTAD,0.8211120796274711
HUSUM,PORI/MÄNTYLUOTO,0.821098056632239
Rhodes,Samos,0.8209630066127065
HARAHOLMEN,ÅHUS,0.8208290848458769
HALMSTAD,KOKKOLA,0.8207168777953803
FALKENBERG,SILLAMÄE,0.820689242826069
ÖRNSKÖLDSVIK,OXELÖSUND,0.8206877247875762
Eckerö,TRELLEBORG,0.8204865767986705
PIETARSAARI,ÖREGRUND,0.8203394517236096
YSTAD,KUNDA,0.8202846602217339
FALKENBERG,DEGERHAMN,0.8202645383789032
SAINT PETERSBURG,NAANTALI/NÅDENDAL,0.8201582125473884
Dhekelia,Tel Aviv,0.8201014293993448
GRENÅ,KLINTEHAMN,0.8200516658004597
YSTAD,KASKINEN,0.8200396034008376
FALKENBERG,TALLIN,0.8199375015350127
Paphos,Ashkelon,0.8197170892960728
BROFJORDEN,KOKKOLA,0.8195744993568855
STRÖMSTAD,SAINT PETERSBURG,0.8195608513181044
KÖGE,NORRKÖPING,0.8193664451506539
LULEÅ,LOKSA,0.819062197820294
HARAHOLMEN,KUNDA,0.8189104088647609
SIMRISHAMN,FALKENBERG,0.8188916586106566
Tel Aviv,En Naqoura,0.8186790593160316
GRENÅ,KOVERHAR,0.818667075423851
SÖLVESBORG,LOKSA,0.8186115218153514
HUSUM,SKELLEFTEHAMN,0.8185023957022795
Itea,Sitia,0.8184688650885931
HARGSHAMN,SKUTSKÄR,0.8184323756601629
NORRSUNDET,TALLIN,0.8184010233835839
KLINTEHAMN,ÅMÅL,0.8183672501180427
KASKINEN,ÖREGRUND,0.8183465000577042
HELSINGBORG,SKUTSKÄR,0.8183099594091139
RAUMA,ÖREGRUND,0.8182358242919813
Tuapse,Novorossiysk,0.8182190374757746
SIMRISHAMN,ÅMÅL,0.8179187393086588
SKÖLDVIK,ÅMÅL,0.8177622534573044
Tasucu,Amorgos,0.8175757550377198
Eckerö,STORUGNS,0.8175604050560876
SKÖLDVIK,TAALINTEHDAS,0.8173238639574576
HELSINGÖR,NORRKÖPING,0.8172932147623266
NORRKÖPING,ÅMÅL,0.8171750919662645
HELSINKI/HELSINGFORS,ÅMÅL,0.8171383915050792
Zonguldak,Mariupol,0.8171001304992593
VAASA,TALLIN,0.8170444221716955
SIMRISHAMN,STRÖMSTAD,0.817033442049914
Diliskelesi,Burgas,0.8169101394363839
VENTSPILS,KALAJOKI,0.816840347258827
HANKO/HANGÖ,LULEÅ,0.816736211074221
LANDSKRONA,SKUTSKÄR,0.8166557507368183
LÖDÖSE,LIDKÖPING,0.8166354196917993
YSTAD,OULU,0.8166125152169676
Skopelos,Varna,0.8164732526758042
RONEHAMN,ÅMÅL,0.8163814763835434
TRELLEBORG,GRISSLEHAMN,0.8163600257482264
GRENÅ,UUSIKAUPUNKI/NYSTAD,0.8163181500831045
KALAJOKI,LOKSA,0.8163061374916099
VARBERG,UUSIKAUPUNKI/NYSTAD,0.815792366103747
STORUGNS,OULU,0.8157740648555931
FREDRIKSHAMN,PALDISKI,0.8157388110804946
Bandirmar,Burgas,0.8157215267603346
Eckerö,Parainen,0.8155619996174334
KARLSHAMN,HOLMSUND,0.8154713772851048
ÖRNSKÖLDSVIK,ÅMÅL,0.8153552627057553
HALMSTAD,SKELLEFTEHAMN,0.8151559802318856
PIETARSAARI,PALDISKI,0.8151148435585303
Kas,Latchi,0.8150750708857025
KASKINEN,KUNDA,0.8150387479334644
DEGERHAMN,HUSUM,0.8149447580066559
Eckerö,HUSUM,0.8149315599858638
GRENÅ,PORI/MÄNTYLUOTO,0.8148576428380523
NAANTALI/NÅDENDAL,PORI/MÄNTYLUOTO,0.814826803480904
VARBERG,KOKKOLA,0.8147810874505219
KOVERHAR,SKELLEFTEHAMN,0.8147243931441362
FALKENBERG,NORRKÖPING,0.8147049207923008
TRELLEBORG,VÄSTERVIK,0.8146747956717094
HUSUM,BROFJORDEN,0.8146459544079286
HELSINKI/HELSINGFORS,KALAJOKI,0.8145592358600581
HANKO/HANGÖ,HALMSTAD,0.8145240826600502
Parainen,KOKKOLA,0.814493068677452
HELSINGÖR,PORI/MÄNTYLUOTO,0.8144631262449608
KÖPENHAMN,PORI/MÄNTYLUOTO,0.814448752037477
KÖGE,VYSOTSKI,0.8144409503763385
PALDISKI,NAANTALI/NÅDENDAL,0.8144003251250022
TRELLEBORG,LULEÅ,0.8143517096570749
VARBERG,SKELLEFTEHAMN,0.814295090854161
FALKENBERG,VENTSPILS,0.8141987774223555
HÖGANÄS,NORRKÖPING,0.814192324080745
OXELÖSUND,BROFJORDEN,0.8140456345489334
STORUGNS,VAASA,0.8140365283929945
FREDRIKSHAMN,PORI/MÄNTYLUOTO,0.8140037566489698
MALMÖ,PORI/MÄNTYLUOTO,0.8138767776417979
OSKARSHAMN,ÅHUS,0.813834999032393
YSTAD,HUSUM,0.8137334867779643
Naxos,Marmaris,0.8134332941414811
HELSINGBORG,KUNDA,0.8133607519344704
Parainen,MARIEHAMN,0.8133450352009072
MALMÖ,ÖRNSKÖLDSVIK,0.8133385689503033
KÖPENHAMN,NORRKÖPING,0.813309858661287
Mersin,Fethiye,0.8132906970426654
SKÖLDVIK,KALAJOKI,0.8132324671208272
Haifa,Limassol,0.8131681216316455
TROLLHÄTTAN,GRUVÖN,0.8130641654272127
KEMI,SKÖLDVIK,0.8128347123603976
NORRSUNDET,GRISSLEHAMN,0.8123505686196921
STORUGNS,UUSIKAUPUNKI/NYSTAD,0.8120517332604805
SLITE,SÖDERHAMN,0.8118298840442366
Syros (Syra),Yali Island,0.8116116271762768
VISBY,NAANTALI/NÅDENDAL,0.8115684018848469
Yali Island,Kymi (Kimi),0.8115461964923688
KOVERHAR,ÅHUS,0.8115014993260996
HELSINGBORG,ÖRNSKÖLDSVIK,0.8110250268759182
GRISSLEHAMN,KOVERHAR,0.8109108794294083
RONEHAMN,STRÖMSTAD,0.8107930488688917
TALLIN,VYSOTSKI,0.8107071871485568
Finike,Latchi,0.810341260179562
OSKARSHAMN,KARLSHAMN,0.8102962327386092
Dhekelia,Haifa,0.8098677010488611
TAALINTEHDAS,PALDISKI,0.8098255329478293
Mangalia,Yalta,0.809736163747093
MALMÖ,KUNDA,0.8097097168157027
OSKARSHAMN,ÖREGRUND,0.8096773463775984
Haifa,Akrotiri,0.8096227862313299
BROFJORDEN,MUUGA,0.8095793891512914
PIETARSAARI,KUNDA,0.8095160854467198
FREDRIKSHAMN,UUSIKAUPUNKI/NYSTAD,0.8094068164557892
TRELLEBORG,HUSUM,0.8093754958210747
Dhekelia,Ashkelon,0.8093494649666931
KARLSHAMN,KOVERHAR,0.8093189885873265
YSTAD,KALAJOKI,0.8092941643820201
PRIMORSK,OXELÖSUND,0.8085281117919327
LANDSKRONA,KUNDA,0.8085278845662877
HANKO/HANGÖ,VARBERG,0.8083785375946718
GRENÅ,MUUGA,0.8081623286617172
KÖGE,PORI/MÄNTYLUOTO,0.8080719074046551
Agnesberg,SKÖLDVIK,0.8079350042622225
NORRSUNDET,ÖREGRUND,0.8079347871694208
KÖPENHAMN,ÖRNSKÖLDSVIK,0.807839548930485
HUSUM,TORNIO,0.807701277434148
HALMSTAD,HUSUM,0.8074947995221786
HUSUM,UST-LUGA,0.8074682072553842
KARLSHAMN,HARAHOLMEN,0.8073798421044209
Constanta,Yalta,0.8073571227692484
GRISSLEHAMN,TALLIN,0.8071173948387808
Eckerö,SÖLVESBORG,0.807072101072666
VENTSPILS,NAANTALI/NÅDENDAL,0.8070052576825388
HÖGANÄS,ÖRNSKÖLDSVIK,0.8069501651290413
Diliskelesi,Varna,0.8069292547483693
RAUMA,SÖLVESBORG,0.80689176249976
NORRSUNDET,MUUGA,0.8068002307619008
TAALINTEHDAS,OULU,0.8067518180175426
YSTAD,ÖRNSKÖLDSVIK,0.8067378511255694
VENTSPILS,ÅMÅL,0.8066666763315891
SIMRISHAMN,NAANTALI/NÅDENDAL,0.8066257002228594
RAUMA,TRELLEBORG,0.8065688789366413
HARGSHAMN,KEMI,0.8064127818960332
VISBY,KUNDA,0.8062547626457581
VARBERG,NORRKÖPING,0.8062460462926063
DEGERHAMN,ÅMÅL,0.8061477229586317
Naxos,Kas,0.8060223698831063
HÖGANÄS,PORI/MÄNTYLUOTO,0.8060204465434547
Beykoz,Varna,0.8059633613960848
GRENÅ,VÄSTERVIK,0.805921784142051
Parainen,LOKSA,0.805901010940379
HELSINGÖR,ÖRNSKÖLDSVIK,0.8058244382884518
PRIMORSK,VYSOTSKI,0.8058035406529555
TRELLEBORG,VAASA,0.8054903419899189
OSKARSHAMN,SAINT PETERSBURG,0.8054658722332756
DEGERHAMN,OXELÖSUND,0.8054170310709247
GRISSLEHAMN,LÅNGNÄS,0.8054144818891701
TORNIO,KLINTEHAMN,0.8053191629446178
STRÅ,SÖDERHAMN,0.8052004742437763
OXELÖSUND,LULEÅ,0.805183053567333
KIEL,NAANTALI/NÅDENDAL,0.8049215647428603
STRÖMSTAD,VENTSPILS,0.804866740273725
LÖDÖSE,SKOGHALL,0.8048330475392871
VARBERG,HUSUM,0.8048310198552882
KARLSHAMN,STORUGNS,0.8047929748293123
LÅNGNÄS,KALAJOKI,0.8047845530527263
OSKARSHAMN,STRÅ,0.8047471236771666
HALMSTAD,NORRKÖPING,0.8047461086218609
SAINT PETERSBURG,ÅMÅL,0.8046954178578012
KÖPENHAMN,KUNDA,0.8042482201949895
VÄSTERVIK,NAANTALI/NÅDENDAL,0.8041187577499591
SIMRISHAMN,KALAJOKI,0.8041006130900055
HELSINKI/HELSINGFORS,NAANTALI/NÅDENDAL,0.8039702849717375
LULEÅ,HÄRNÖSAND,0.8038799914522695
PIETARSAARI,MUUGA,0.8035869846981896
NAANTALI/NÅDENDAL,SKELLEFTEHAMN,0.803492119800925
KÖPENHAMN,VYSOTSKI,0.8031553090331698
Bandirmar,Gulluk,0.803038022757488
KIEL,Agnesberg,0.8029960392609072
Naxos,Gocek,0.8029950387719911
Bodrum,Thira,0.8029496110455214
SKÖLDVIK,LÅNGNÄS,0.8029272598299771
RONEHAMN,NAANTALI/NÅDENDAL,0.8029172639012235
Tasucu,Finike,0.8026885554557356
Eckerö,TALLIN,0.8026560764256991
RONEHAMN,HUSUM,0.8026202029360554
BROFJORDEN,MARIEHAMN,0.8025567439503494
OXELÖSUND,UST-LUGA,0.8025008856543747
SILLAMÄE,ÅMÅL,0.8024228434515301
HARGSHAMN,KOKKOLA,0.8024111164795404
PRIMORSK,PIETARSAARI,0.8023350052076522
OSKARSHAMN,SÖLVESBORG,0.802068696896924
YSTAD,SÖLVESBORG,0.8019893920403347
Gulluk,Akdeniz,0.8019868124193956
HUSUM,UUSIKAUPUNKI/NYSTAD,0.8019367520271947
DEGERHAMN,STRÖMSTAD,0.8017993696608017
VÄSTERVIK,SKELLEFTEHAMN,0.8017675413190636
TAALINTEHDAS,UUSIKAUPUNKI/NYSTAD,0.8015941588455292
VAASA,HUSUM,0.8015317625226787
MALMÖ,SKELLEFTEHAMN,0.801498377635747
KOKKOLA,ÖREGRUND,0.8014117651115393
HELSINGBORG,PORI/MÄNTYLUOTO,0.8013116573727521
ÖRNSKÖLDSVIK,NORRKÖPING,0.8012661023021541
STORUGNS,ÅHUS,0.8012392552838495
FALKENBERG,LOKSA,0.8011844793255777
OSKARSHAMN,KALAJOKI,0.8010438591983465
HARGSHAMN,PORI/MÄNTYLUOTO,0.8007640047184391
PORI/MÄNTYLUOTO,ÖREGRUND,0.8006862570767306
Basarabi,Yalta,0.8006472262973512
STORUGNS,KASKINEN,0.8005314139983457
KÖGE,ÖRNSKÖLDSVIK,0.8004426748189868
KARLSKRONA,SAINT PETERSBURG,0.8002398090743345
NORRSUNDET,KÖPENHAMN,0.8001234789469664
NAANTALI/NÅDENDAL,HUDIKSVALL,0.800090723097128
Eckerö,KUNDA,0.8000735710526985
SKUTSKÄR,KUNDA,0.8000557321531037
VAASA,Parainen,0.8000445668263174
